Product Title,Handle,Type,Variant Attributes,Variant Options (all),SKU,Qty,Qty Unit,Qty Note,Current Price,Current Per Unit,Competitor Name,Best Competitor Per Unit,Competitor Price (for same qty),Competitor URL,Competitor Notes,Recommended Per Unit Price,Recommended Shopify Price,Short Description,Competitor Match Type,Recommendation Action
6ml Glass No-Neck Jar with Silicone lid,6ml-glass-no-neck-jar,glass jar,,Quantity: 200,NONECK1,200,pcs,200,39.99,0.19995000000000002,420 Stock,0.2,40.0,https://420stock.com/products/no-neck-glass-jars-with-silicone-lids,case 100,0.295,59.00,"The 6ml Glass No‑Neck Jar with Silicone Lid is a straight-sided glass concentrate jar built for extractors, processors, and brands who hate leaving material behind.…",Direct / tiered,Raise
6ml Glass No-Neck Jar with Silicone lid,6ml-glass-no-neck-jar,glass jar,,Quantity: 400,NONECK2,400,pcs,400,42.99,0.107475,420 Stock,0.2,80.0,https://420stock.com/products/no-neck-glass-jars-with-silicone-lids,case 100,0.19,76.99,"The 6ml Glass No‑Neck Jar with Silicone Lid is a straight-sided glass concentrate jar built for extractors, processors, and brands who hate leaving material behind.…",Direct / tiered,Raise
6ml Glass No-Neck Jar with Silicone lid,6ml-glass-no-neck-jar,glass jar,,Quantity: 1000,NONECK3,1000,pcs,1000,49.99,0.04999,420 Stock,0.18,180.0,https://420stock.com/products/no-neck-glass-jars-with-silicone-lids,bulk discount,0.17099999999999999,170.99,"The 6ml Glass No‑Neck Jar with Silicone Lid is a straight-sided glass concentrate jar built for extractors, processors, and brands who hate leaving material behind.…",Direct / tiered,Raise
7ml Glass Jars- Low Profile heavy bottom- Screw Top with Lids,7ml-screw-top-jars-with-black-lids,glass jar,Lid Color: Black; Glass: Clear,Quantity: 90; Lid Color: Black; Glass: Clear,7MLJAR-01B,90,pcs,90,49.99,0.5554444444444445,420 Stock,0.41250000000000003,37.125,https://420stock.com/products/7ml-black-cap-glass-concentrate-container-trap-jar,Extrapolated from 360+ tier for qty 90. 1-4 cases (360/case),0.477778,43.00,"The 7ml Low Profile Heavy Bottom Glass Jar is a lab-grade concentrate container built for extractors, processors, and brands who need packaging that performs on the bench and looks right on the shelf.…",Estimated (small-pack adj.),Lower
7ml Glass Jars- Low Profile heavy bottom- Screw Top with Lids,7ml-screw-top-jars-with-black-lids,glass jar,Lid Color: Black; Glass: Frosted,Quantity: 90; Lid Color: Black; Glass: Frosted,7MLJAR-01BF,90,pcs,90,9.99,0.111,420 Stock,0.41250000000000003,37.125,https://420stock.com/products/7ml-black-cap-glass-concentrate-container-trap-jar,Extrapolated from 360+ tier for qty 90. 1-4 cases (360/case),0.533333,48.00,"The 7ml Low Profile Heavy Bottom Glass Jar is a lab-grade concentrate container built for extractors, processors, and brands who need packaging that performs on the bench and looks right on the shelf.…",Estimated (small-pack adj.),Raise
7ml Glass Jars- Low Profile heavy bottom- Screw Top with Lids,7ml-screw-top-jars-with-black-lids,glass jar,Lid Color: Black; Glass: Clear,Quantity: 180; Lid Color: Black; Glass: Clear,7MLJAR-02B,180,pcs,180,12.99,0.07216666666666667,420 Stock,0.41250000000000003,74.25,https://420stock.com/products/7ml-black-cap-glass-concentrate-container-trap-jar,Extrapolated from 360+ tier for qty 180. 1-4 cases (360/case),0.39187500000000003,70.99,"The 7ml Low Profile Heavy Bottom Glass Jar is a lab-grade concentrate container built for extractors, processors, and brands who need packaging that performs on the bench and looks right on the shelf.…",Estimated (small-pack adj.),Raise
7ml Glass Jars- Low Profile heavy bottom- Screw Top with Lids,7ml-screw-top-jars-with-black-lids,glass jar,Lid Color: Black; Glass: Frosted,Quantity: 180; Lid Color: Black; Glass: Frosted,7MLJAR-02BF,180,pcs,180,14.99,0.08327777777777778,420 Stock,0.41250000000000003,74.25,https://420stock.com/products/7ml-black-cap-glass-concentrate-container-trap-jar,Extrapolated from 360+ tier for qty 180. 1-4 cases (360/case),0.39187500000000003,70.99,"The 7ml Low Profile Heavy Bottom Glass Jar is a lab-grade concentrate container built for extractors, processors, and brands who need packaging that performs on the bench and looks right on the shelf.…",Estimated (small-pack adj.),Raise
7ml Glass Jars- Low Profile heavy bottom- Screw Top with Lids,7ml-screw-top-jars-with-black-lids,glass jar,Lid Color: Black; Glass: Clear,Quantity: 450; Lid Color: Black; Glass: Clear,7MLJAR-03B,450,pcs,450,49.99,0.11108888888888889,420 Stock,0.33,148.5,https://420stock.com/products/7ml-black-cap-glass-concentrate-container-trap-jar,1-4 cases (360/case),0.3135,141.99,"The 7ml Low Profile Heavy Bottom Glass Jar is a lab-grade concentrate container built for extractors, processors, and brands who need packaging that performs on the bench and looks right on the shelf.…",Direct / tiered,Raise
7ml Glass Jars- Low Profile heavy bottom- Screw Top with Lids,7ml-screw-top-jars-with-black-lids,glass jar,Lid Color: Black; Glass: Frosted,Quantity: 450; Lid Color: Black; Glass: Frosted,7MLJAR-03BF,450,pcs,450,49.99,0.11108888888888889,420 Stock,0.33,148.5,https://420stock.com/products/7ml-black-cap-glass-concentrate-container-trap-jar,1-4 cases (360/case),0.3135,141.99,"The 7ml Low Profile Heavy Bottom Glass Jar is a lab-grade concentrate container built for extractors, processors, and brands who need packaging that performs on the bench and looks right on the shelf.…",Direct / tiered,Raise
7ml Glass Jars- Low Profile heavy bottom- Screw Top with Lids,7ml-screw-top-jars-with-black-lids,glass jar,Lid Color: Black; Glass: Clear,Quantity: 900; Lid Color: Black; Glass: Clear,7MLJAR-04B,900,pcs,900,29.99,0.03332222222222222,420 Stock,0.33,297.0,https://420stock.com/products/7ml-black-cap-glass-concentrate-container-trap-jar,1-4 cases (360/case),0.3135,282.99,"The 7ml Low Profile Heavy Bottom Glass Jar is a lab-grade concentrate container built for extractors, processors, and brands who need packaging that performs on the bench and looks right on the shelf.…",Direct / tiered,Raise
7ml Glass Jars- Low Profile heavy bottom- Screw Top with Lids,7ml-screw-top-jars-with-black-lids,glass jar,Lid Color: Black; Glass: Frosted,Quantity: 900; Lid Color: Black; Glass: Frosted,7MLJAR-04BF,900,pcs,900,14.99,0.016655555555555555,420 Stock,0.33,297.0,https://420stock.com/products/7ml-black-cap-glass-concentrate-container-trap-jar,1-4 cases (360/case),0.3135,282.99,"The 7ml Low Profile Heavy Bottom Glass Jar is a lab-grade concentrate container built for extractors, processors, and brands who need packaging that performs on the bench and looks right on the shelf.…",Direct / tiered,Raise
7ml Glass Jars- Low Profile heavy bottom- Screw Top with Lids,7ml-screw-top-jars-with-black-lids,glass jar,Lid Color: Black; Glass: Clear,Quantity: 2700; Lid Color: Black; Glass: Clear,7MLJAR-09B,2700,pcs,2700,49.99,0.018514814814814817,420 Stock,0.31,837.0,https://420stock.com/products/7ml-black-cap-glass-concentrate-container-trap-jar,5-9 cases,0.2945,795.99,"The 7ml Low Profile Heavy Bottom Glass Jar is a lab-grade concentrate container built for extractors, processors, and brands who need packaging that performs on the bench and looks right on the shelf.…",Direct / tiered,Raise
7ml Glass Jars- Low Profile heavy bottom- Screw Top with Lids,7ml-screw-top-jars-with-black-lids,glass jar,Lid Color: Black; Glass: Frosted,Quantity: 2700; Lid Color: Black; Glass: Frosted,7MLJAR-09BF,2700,pcs,2700,44.99,0.016662962962962963,420 Stock,0.31,837.0,https://420stock.com/products/7ml-black-cap-glass-concentrate-container-trap-jar,5-9 cases,0.2945,795.99,"The 7ml Low Profile Heavy Bottom Glass Jar is a lab-grade concentrate container built for extractors, processors, and brands who need packaging that performs on the bench and looks right on the shelf.…",Direct / tiered,Raise
7ml Glass Jars- Low Profile heavy bottom- Screw Top with Lids,7ml-screw-top-jars-with-black-lids,glass jar,Lid Color: Black; Glass: Clear,Quantity: 4500; Lid Color: Black; Glass: Clear,7MLJAR-05B,4500,pcs,4500,65.0,0.014444444444444444,420 Stock,0.28,1260.0000000000002,https://420stock.com/products/7ml-black-cap-glass-concentrate-container-trap-jar,10+ cases,0.266,1197.99,"The 7ml Low Profile Heavy Bottom Glass Jar is a lab-grade concentrate container built for extractors, processors, and brands who need packaging that performs on the bench and looks right on the shelf.…",Direct / tiered,Raise
7ml Glass Jars- Low Profile heavy bottom- Screw Top with Lids,7ml-screw-top-jars-with-black-lids,glass jar,Lid Color: Black; Glass: Frosted,Quantity: 4500; Lid Color: Black; Glass: Frosted,7MLJAR-05BF,4500,pcs,4500,49.99,0.011108888888888889,420 Stock,0.28,1260.0000000000002,https://420stock.com/products/7ml-black-cap-glass-concentrate-container-trap-jar,10+ cases,0.266,1197.99,"The 7ml Low Profile Heavy Bottom Glass Jar is a lab-grade concentrate container built for extractors, processors, and brands who need packaging that performs on the bench and looks right on the shelf.…",Direct / tiered,Raise
7ml Glass Jars- Low Profile heavy bottom- Screw Top with Lids,7ml-screw-top-jars-with-black-lids,glass jar,Lid Color: Black; Glass: Clear,Quantity: 9900; Lid Color: Black; Glass: Clear,7MLJAR-06B,9900,pcs,9900,14.99,0.0015141414141414142,420 Stock,0.28,2772.0000000000005,https://420stock.com/products/7ml-black-cap-glass-concentrate-container-trap-jar,10+ cases,0.266,2633.99,"The 7ml Low Profile Heavy Bottom Glass Jar is a lab-grade concentrate container built for extractors, processors, and brands who need packaging that performs on the bench and looks right on the shelf.…",Direct / tiered,Raise
7ml Glass Jars- Low Profile heavy bottom- Screw Top with Lids,7ml-screw-top-jars-with-black-lids,glass jar,Lid Color: Black; Glass: Frosted,Quantity: 9900; Lid Color: Black; Glass: Frosted,7MLJAR-06BF,9900,pcs,9900,79.99,0.008079797979797979,420 Stock,0.28,2772.0000000000005,https://420stock.com/products/7ml-black-cap-glass-concentrate-container-trap-jar,10+ cases,0.266,2633.99,"The 7ml Low Profile Heavy Bottom Glass Jar is a lab-grade concentrate container built for extractors, processors, and brands who need packaging that performs on the bench and looks right on the shelf.…",Direct / tiered,Raise
Blank Boxes for Jars,blank-boxes-for-7ml-jars,box,Size: 7ml; Color: Black,Size: 7ml; Quantity: 50; Color: Black,,50,pcs,50,29.99,0.5998,Tigerpak,0.1475,7.375,https://www.tigerpak.com/product/2-1-4-x-1-1-4-x-3-1-4-kraft-reverse-tuck-tuck-top-boxes/,Extrapolated from 1000+ tier for qty 50. 1000 qty example,0.14454999999999998,7.99,"Oil Slick Blank Boxes for Jars are clean, retail-ready outer boxes for your concentrate jars, built for brands and extractors who want pro packaging without being locked into pre-printed designs.…",Estimated (small-pack adj.),Lower
Blank Boxes for Jars,blank-boxes-for-7ml-jars,box,Size: 7ml; Color: Black,Size: 7ml; Quantity: 500; Color: Black,BOX FOR JAR 7ML 500,500,pcs,500,75.0,0.15,Tigerpak,0.1475,73.75,https://www.tigerpak.com/product/2-1-4-x-1-1-4-x-3-1-4-kraft-reverse-tuck-tuck-top-boxes/,Extrapolated from 1000+ tier for qty 500. 1000 qty example,0.14454999999999998,72.99,"Oil Slick Blank Boxes for Jars are clean, retail-ready outer boxes for your concentrate jars, built for brands and extractors who want pro packaging without being locked into pre-printed designs.…",Estimated (small-pack adj.),Lower
Blank Boxes for Jars,blank-boxes-for-7ml-jars,box,Size: 5ml; Color: Black,Size: 5ml; Quantity: 1000; Color: Black,BOX FOR JAR 5ml 1000,1000,pcs,1000,12.99,0.01299,Tigerpak,0.118,118.0,https://www.tigerpak.com/product/2-1-4-x-1-1-4-x-3-1-4-kraft-reverse-tuck-tuck-top-boxes/,1000 qty example,0.11209999999999999,112.99,"Oil Slick Blank Boxes for Jars are clean, retail-ready outer boxes for your concentrate jars, built for brands and extractors who want pro packaging without being locked into pre-printed designs.…",Direct / tiered,Raise
Blank Boxes for Jars,blank-boxes-for-7ml-jars,box,Size: 5ml; Color: White,Size: 5ml; Quantity: 1000; Color: White,BOX FOR JAR 5ML 1000,1000,pcs,1000,12.99,0.01299,Tigerpak,0.118,118.0,https://www.tigerpak.com/product/2-1-4-x-1-1-4-x-3-1-4-kraft-reverse-tuck-tuck-top-boxes/,1000 qty example,0.11209999999999999,112.99,"Oil Slick Blank Boxes for Jars are clean, retail-ready outer boxes for your concentrate jars, built for brands and extractors who want pro packaging without being locked into pre-printed designs.…",Direct / tiered,Raise
Blank Boxes for Jars,blank-boxes-for-7ml-jars,box,Size: 6ml; Color: Black,Size: 6ml; Quantity: 1000; Color: Black,BOX FOR JAR 6ML 1000,1000,pcs,1000,10.99,0.01099,Tigerpak,0.118,118.0,https://www.tigerpak.com/product/2-1-4-x-1-1-4-x-3-1-4-kraft-reverse-tuck-tuck-top-boxes/,1000 qty example,0.11209999999999999,112.99,"Oil Slick Blank Boxes for Jars are clean, retail-ready outer boxes for your concentrate jars, built for brands and extractors who want pro packaging without being locked into pre-printed designs.…",Direct / tiered,Raise
Blank Boxes for Jars,blank-boxes-for-7ml-jars,box,Size: 6ml; Color: White,Size: 6ml; Quantity: 1000; Color: White,BOX FOR JAR 6ML 1000,1000,pcs,1000,19.99,0.019989999999999997,Tigerpak,0.118,118.0,https://www.tigerpak.com/product/2-1-4-x-1-1-4-x-3-1-4-kraft-reverse-tuck-tuck-top-boxes/,1000 qty example,0.11209999999999999,112.99,"Oil Slick Blank Boxes for Jars are clean, retail-ready outer boxes for your concentrate jars, built for brands and extractors who want pro packaging without being locked into pre-printed designs.…",Direct / tiered,Raise
Blank Boxes for Jars,blank-boxes-for-7ml-jars,box,Size: 7ml; Color: Black,Size: 7ml; Quantity: 1000; Color: Black,BOX FOR JAR 7ML 1000,1000,pcs,1000,599.99,0.59999,Tigerpak,0.118,118.0,https://www.tigerpak.com/product/2-1-4-x-1-1-4-x-3-1-4-kraft-reverse-tuck-tuck-top-boxes/,1000 qty example,0.11563999999999999,115.99,"Oil Slick Blank Boxes for Jars are clean, retail-ready outer boxes for your concentrate jars, built for brands and extractors who want pro packaging without being locked into pre-printed designs.…",Direct / tiered,Lower
Blank Boxes for Jars,blank-boxes-for-7ml-jars,box,Size: 7ml; Color: White,Size: 7ml; Quantity: 1000; Color: White,BOX FOR JAR 7ML 1000,1000,pcs,1000,9.99,0.00999,Tigerpak,0.118,118.0,https://www.tigerpak.com/product/2-1-4-x-1-1-4-x-3-1-4-kraft-reverse-tuck-tuck-top-boxes/,1000 qty example,0.11209999999999999,112.99,"Oil Slick Blank Boxes for Jars are clean, retail-ready outer boxes for your concentrate jars, built for brands and extractors who want pro packaging without being locked into pre-printed designs.…",Direct / tiered,Raise
Blank Boxes for Jars,blank-boxes-for-7ml-jars,box,Size: 9ml; Color: Black,Size: 9ml; Quantity: 1000; Color: Black,BOX FOR JAR 9ML 1000,1000,pcs,1000,24.99,0.02499,Tigerpak,0.118,118.0,https://www.tigerpak.com/product/2-1-4-x-1-1-4-x-3-1-4-kraft-reverse-tuck-tuck-top-boxes/,1000 qty example,0.11209999999999999,112.99,"Oil Slick Blank Boxes for Jars are clean, retail-ready outer boxes for your concentrate jars, built for brands and extractors who want pro packaging without being locked into pre-printed designs.…",Direct / tiered,Raise
Blank Boxes for Jars,blank-boxes-for-7ml-jars,box,Size: 6ml; Color: White,Size: 6ml; Quantity: 5000; Color: White,BOX FOR JAR 6ML 5000,5000,pcs,5000,12.99,0.002598,Tigerpak,0.118,590.0,https://www.tigerpak.com/product/2-1-4-x-1-1-4-x-3-1-4-kraft-reverse-tuck-tuck-top-boxes/,1000 qty example,0.11209999999999999,560.99,"Oil Slick Blank Boxes for Jars are clean, retail-ready outer boxes for your concentrate jars, built for brands and extractors who want pro packaging without being locked into pre-printed designs.…",Direct / tiered,Raise
Blank Boxes for Jars,blank-boxes-for-7ml-jars,box,Size: 5ml; Color: Black,Size: 5ml; Quantity: 5000; Color: Black,BOX FOR JAR 5ML 5000,5000,pcs,5000,9.99,0.001998,Tigerpak,0.118,590.0,https://www.tigerpak.com/product/2-1-4-x-1-1-4-x-3-1-4-kraft-reverse-tuck-tuck-top-boxes/,1000 qty example,0.11209999999999999,560.99,"Oil Slick Blank Boxes for Jars are clean, retail-ready outer boxes for your concentrate jars, built for brands and extractors who want pro packaging without being locked into pre-printed designs.…",Direct / tiered,Raise
Blank Boxes for Jars,blank-boxes-for-7ml-jars,box,Size: 6ml; Color: Black,Size: 6ml; Quantity: 10000; Color: Black,BOX FOR JAR 6ML 10000,10000,pcs,10000,599.99,0.059999000000000004,Tigerpak,0.118,1180.0,https://www.tigerpak.com/product/2-1-4-x-1-1-4-x-3-1-4-kraft-reverse-tuck-tuck-top-boxes/,1000 qty example,0.11209999999999999,1121.99,"Oil Slick Blank Boxes for Jars are clean, retail-ready outer boxes for your concentrate jars, built for brands and extractors who want pro packaging without being locked into pre-printed designs.…",Direct / tiered,Raise
Blank Boxes for Jars,blank-boxes-for-7ml-jars,box,Size: 5ml; Color: White,Size: 5ml; Quantity: 5000; Color: White,BOX FOR JAR 5ML 5000,5000,pcs,5000,12.99,0.002598,Tigerpak,0.118,590.0,https://www.tigerpak.com/product/2-1-4-x-1-1-4-x-3-1-4-kraft-reverse-tuck-tuck-top-boxes/,1000 qty example,0.11209999999999999,560.99,"Oil Slick Blank Boxes for Jars are clean, retail-ready outer boxes for your concentrate jars, built for brands and extractors who want pro packaging without being locked into pre-printed designs.…",Direct / tiered,Raise
Blank Boxes for Jars,blank-boxes-for-7ml-jars,box,Size: 6ml; Color: Black,Size: 6ml; Quantity: 5000; Color: Black,BOX FOR JAR 6ML 5000,5000,pcs,5000,12.99,0.002598,Tigerpak,0.118,590.0,https://www.tigerpak.com/product/2-1-4-x-1-1-4-x-3-1-4-kraft-reverse-tuck-tuck-top-boxes/,1000 qty example,0.11209999999999999,560.99,"Oil Slick Blank Boxes for Jars are clean, retail-ready outer boxes for your concentrate jars, built for brands and extractors who want pro packaging without being locked into pre-printed designs.…",Direct / tiered,Raise
Blank Boxes for Jars,blank-boxes-for-7ml-jars,box,Size: 7ml; Color: Black,Size: 7ml; Quantity: 5000; Color: Black,BOX FOR JAR 7ML 5000,5000,pcs,5000,9.99,0.001998,Tigerpak,0.118,590.0,https://www.tigerpak.com/product/2-1-4-x-1-1-4-x-3-1-4-kraft-reverse-tuck-tuck-top-boxes/,1000 qty example,0.11209999999999999,560.99,"Oil Slick Blank Boxes for Jars are clean, retail-ready outer boxes for your concentrate jars, built for brands and extractors who want pro packaging without being locked into pre-printed designs.…",Direct / tiered,Raise
Blank Boxes for Jars,blank-boxes-for-7ml-jars,box,Size: 7ml; Color: White,Size: 7ml; Quantity: 5000; Color: White,BOX FOR JAR 7ML 5000,5000,pcs,5000,19.99,0.003998,Tigerpak,0.118,590.0,https://www.tigerpak.com/product/2-1-4-x-1-1-4-x-3-1-4-kraft-reverse-tuck-tuck-top-boxes/,1000 qty example,0.11209999999999999,560.99,"Oil Slick Blank Boxes for Jars are clean, retail-ready outer boxes for your concentrate jars, built for brands and extractors who want pro packaging without being locked into pre-printed designs.…",Direct / tiered,Raise
Blank Boxes for Jars,blank-boxes-for-7ml-jars,box,Size: 9ml; Color: Black,Size: 9ml; Quantity: 5000; Color: Black,BOX FOR JAR 9ML 5000,5000,pcs,5000,14.99,0.0029980000000000002,Tigerpak,0.118,590.0,https://www.tigerpak.com/product/2-1-4-x-1-1-4-x-3-1-4-kraft-reverse-tuck-tuck-top-boxes/,1000 qty example,0.11209999999999999,560.99,"Oil Slick Blank Boxes for Jars are clean, retail-ready outer boxes for your concentrate jars, built for brands and extractors who want pro packaging without being locked into pre-printed designs.…",Direct / tiered,Raise
Blank Boxes for Jars,blank-boxes-for-7ml-jars,box,Size: 9ml; Color: White,Size: 9ml; Quantity: 5000; Color: White,BOX FOR JAR 9ML 5000,5000,pcs,5000,9.99,0.001998,Tigerpak,0.118,590.0,https://www.tigerpak.com/product/2-1-4-x-1-1-4-x-3-1-4-kraft-reverse-tuck-tuck-top-boxes/,1000 qty example,0.11209999999999999,560.99,"Oil Slick Blank Boxes for Jars are clean, retail-ready outer boxes for your concentrate jars, built for brands and extractors who want pro packaging without being locked into pre-printed designs.…",Direct / tiered,Raise
Blank Boxes for Jars,blank-boxes-for-7ml-jars,box,Size: 5ml; Color: Black,Size: 5ml; Quantity: 10000; Color: Black,BOX FOR JAR 5ML 10000,10000,pcs,10000,9.99,0.000999,Tigerpak,0.118,1180.0,https://www.tigerpak.com/product/2-1-4-x-1-1-4-x-3-1-4-kraft-reverse-tuck-tuck-top-boxes/,1000 qty example,0.11209999999999999,1121.99,"Oil Slick Blank Boxes for Jars are clean, retail-ready outer boxes for your concentrate jars, built for brands and extractors who want pro packaging without being locked into pre-printed designs.…",Direct / tiered,Raise
Blank Boxes for Jars,blank-boxes-for-7ml-jars,box,Size: 5ml; Color: White,Size: 5ml; Quantity: 10000; Color: White,BOX FOR JAR 5ML 10000,10000,pcs,10000,10.99,0.001099,Tigerpak,0.118,1180.0,https://www.tigerpak.com/product/2-1-4-x-1-1-4-x-3-1-4-kraft-reverse-tuck-tuck-top-boxes/,1000 qty example,0.11209999999999999,1121.99,"Oil Slick Blank Boxes for Jars are clean, retail-ready outer boxes for your concentrate jars, built for brands and extractors who want pro packaging without being locked into pre-printed designs.…",Direct / tiered,Raise
Blank Boxes for Jars,blank-boxes-for-7ml-jars,box,Size: 6ml; Color: White,Size: 6ml; Quantity: 10000; Color: White,BOX FOR JAR 6ML 10000,10000,pcs,10000,29.99,0.002999,Tigerpak,0.118,1180.0,https://www.tigerpak.com/product/2-1-4-x-1-1-4-x-3-1-4-kraft-reverse-tuck-tuck-top-boxes/,1000 qty example,0.11209999999999999,1121.99,"Oil Slick Blank Boxes for Jars are clean, retail-ready outer boxes for your concentrate jars, built for brands and extractors who want pro packaging without being locked into pre-printed designs.…",Direct / tiered,Raise
Blank Boxes for Jars,blank-boxes-for-7ml-jars,box,Size: 9ml; Color: White,Size: 9ml; Quantity: 1000; Color: White,BOX FOR JAR 9ML 1000,1000,pcs,1000,19.99,0.019989999999999997,Tigerpak,0.118,118.0,https://www.tigerpak.com/product/2-1-4-x-1-1-4-x-3-1-4-kraft-reverse-tuck-tuck-top-boxes/,1000 qty example,0.11209999999999999,112.99,"Oil Slick Blank Boxes for Jars are clean, retail-ready outer boxes for your concentrate jars, built for brands and extractors who want pro packaging without being locked into pre-printed designs.…",Direct / tiered,Raise
Blank Boxes for Jars,blank-boxes-for-7ml-jars,box,Size: 7ml; Color: Black,Size: 7ml; Quantity: 10000; Color: Black,BOX FOR JAR 7ML 10000,10000,pcs,10000,49.99,0.004999,Tigerpak,0.118,1180.0,https://www.tigerpak.com/product/2-1-4-x-1-1-4-x-3-1-4-kraft-reverse-tuck-tuck-top-boxes/,1000 qty example,0.11209999999999999,1121.99,"Oil Slick Blank Boxes for Jars are clean, retail-ready outer boxes for your concentrate jars, built for brands and extractors who want pro packaging without being locked into pre-printed designs.…",Direct / tiered,Raise
Blank Boxes for Jars,blank-boxes-for-7ml-jars,box,Size: 7ml; Color: White,Size: 7ml; Quantity: 10000; Color: White,BOX FOR JAR 7ML 10000,10000,pcs,10000,49.99,0.004999,Tigerpak,0.118,1180.0,https://www.tigerpak.com/product/2-1-4-x-1-1-4-x-3-1-4-kraft-reverse-tuck-tuck-top-boxes/,1000 qty example,0.11209999999999999,1121.99,"Oil Slick Blank Boxes for Jars are clean, retail-ready outer boxes for your concentrate jars, built for brands and extractors who want pro packaging without being locked into pre-printed designs.…",Direct / tiered,Raise
Blank Boxes for Jars,blank-boxes-for-7ml-jars,box,Size: 9ml; Color: Black,Size: 9ml; Quantity: 10000; Color: Black,BOX FOR JAR 9ML 10000,10000,pcs,10000,79.99,0.007999,Tigerpak,0.118,1180.0,https://www.tigerpak.com/product/2-1-4-x-1-1-4-x-3-1-4-kraft-reverse-tuck-tuck-top-boxes/,1000 qty example,0.11209999999999999,1121.99,"Oil Slick Blank Boxes for Jars are clean, retail-ready outer boxes for your concentrate jars, built for brands and extractors who want pro packaging without being locked into pre-printed designs.…",Direct / tiered,Raise
Blank Boxes for Jars,blank-boxes-for-7ml-jars,box,Size: 9ml; Color: White,Size: 9ml; Quantity: 10000; Color: White,BOX FOR JAR 9ML 10000,10000,pcs,10000,19.99,0.001999,Tigerpak,0.118,1180.0,https://www.tigerpak.com/product/2-1-4-x-1-1-4-x-3-1-4-kraft-reverse-tuck-tuck-top-boxes/,1000 qty example,0.11209999999999999,1121.99,"Oil Slick Blank Boxes for Jars are clean, retail-ready outer boxes for your concentrate jars, built for brands and extractors who want pro packaging without being locked into pre-printed designs.…",Direct / tiered,Raise
Custom Oil Slick®Canvas,custom-oil-slickrcanvas,custom branded,,Quantity: 1000,CUSTOMCANVAS-03,1000,pcs,1000,39.99,0.039990000000000005,,,,,No competitor data found,0.039990000000000005,39.99,"The Custom Oil Slick® Canvas is a fully branded, medical-grade silicone dab pad program built for commercial processors, headshops, and cannabis brands who want their logo living on every dab table, not buried on a business card.…",Missing,Keep
Custom Oil Slick®Canvas,custom-oil-slickrcanvas,custom branded,,Quantity: 2000,CUSTOMCANVAS-04,2000,pcs,2000,39.99,0.019995000000000002,,,,,No competitor data found,0.023995,47.99,"The Custom Oil Slick® Canvas is a fully branded, medical-grade silicone dab pad program built for commercial processors, headshops, and cannabis brands who want their logo living on every dab table, not buried on a business card.…",Missing,Raise
Oil Slick® Clear 50 Sheet :  Packaged for RESALE,slick-clear-fep,FEP,,Quantity: 25 retail packs of 50,CLEAR50-01,1250,sheets,25 retail packs × 50 each = 1250 total sheets,99.99,0.079992,eBay (LIFT OFF),0.055,68.75,https://www.ebay.com/itm/266322429470,1000 sheet benchmark,0.053899999999999997,67.99,"The Oil Slick® Clear 50 Sheet pack is a bulk FEP sheet solution built for concentrate brands, processors, and headshops that resell nonstick sheets to their own customers.…",Direct / tiered,Lower
Oil Slick® Clear 50 Sheet :  Packaged for RESALE,slick-clear-fep,FEP,,Quantity: 100 retail packs of 50,CLEAR50-02,5000,sheets,100 retail packs × 50 each = 5000 total sheets,149.99,0.029998,eBay (LIFT OFF),0.055,275.0,https://www.ebay.com/itm/266322429470,1000 sheet benchmark,0.05225,261.99,"The Oil Slick® Clear 50 Sheet pack is a bulk FEP sheet solution built for concentrate brands, processors, and headshops that resell nonstick sheets to their own customers.…",Direct / tiered,Raise
Oil Slick® Clear 50 Sheet :  Packaged for RESALE,slick-clear-fep,FEP,,Quantity: 200 retail packs of 50,CLEAR50-03,10000,sheets,200 retail packs × 50 each = 10000 total sheets,39.99,0.003999,eBay (LIFT OFF),0.055,550.0,https://www.ebay.com/itm/266322429470,1000 sheet benchmark,0.05225,522.99,"The Oil Slick® Clear 50 Sheet pack is a bulk FEP sheet solution built for concentrate brands, processors, and headshops that resell nonstick sheets to their own customers.…",Direct / tiered,Raise
Oil Slick® Clear FEP Sheets,slick-clear-fep-sheets,FEP,Thickness: .05 mm,Quantity: 500 Sheets; Thickness: .05 mm,CLEAR 500.05,500,sheets,500 Sheets,129.99,0.25998000000000004,eBay (LIFT OFF),0.06875,34.375,https://www.ebay.com/itm/266322429470,Extrapolated from 1000+ tier for qty 500. 1000 sheets,0.298,149.00,"Oil Slick Clear FEP Sheets are precision-cut nonstick squares designed for extraction labs, processors, and serious concentrate handlers who need a reliable barrier between sticky product and everything else.…",Estimated (small-pack adj.),Raise
Oil Slick® Clear FEP Sheets,slick-clear-fep-sheets,FEP,Thickness: .05 mm,Quantity: 1000 Sheets; Thickness: .05 mm,CLEAR 1000.05,1000,sheets,1000 Sheets,89.99,0.08999,eBay (LIFT OFF),0.055,55.0,https://www.ebay.com/itm/266322429470,1000 sheets,0.17899,178.99,"Oil Slick Clear FEP Sheets are precision-cut nonstick squares designed for extraction labs, processors, and serious concentrate handlers who need a reliable barrier between sticky product and everything else.…",Direct / tiered,Raise
Oil Slick® Clear FEP Sheets,slick-clear-fep-sheets,FEP,Thickness: .05 mm,Quantity: 5000 Sheets; Thickness: .05 mm,CLEAR 5000.05,5000,sheets,5000 Sheets,1399.99,0.279998,eBay (LIFT OFF),0.055,275.0,https://www.ebay.com/itm/266322429470,1000 sheets,0.053899999999999997,269.99,"Oil Slick Clear FEP Sheets are precision-cut nonstick squares designed for extraction labs, processors, and serious concentrate handlers who need a reliable barrier between sticky product and everything else.…",Direct / tiered,Lower
"Oil Slick® Clear Roll BULK FEP FOR PURGING AND SLAB STORAGE 50'x16""",oil-slickr-clear-roll-bulk-fep-for-purging-and-slab-storage-50x16,FEP,Thickness: 0.07mm,Thickness: 0.07mm,CLEARBULK-01,1,pc,not specified; assumed 1 pc,169.99,169.99,,,,,No competitor data found,190.0,190.00,"The Oil Slick® Clear Roll BULK FEP is a lab-grade fluoropolymer film roll built for extractors, processors, and rosin heads who care about purity and yield.…",Missing,Raise
"Oil Slick® Clear Roll BULK FEP FOR PURGING AND SLAB STORAGE 50'x16""",oil-slickr-clear-roll-bulk-fep-for-purging-and-slab-storage-50x16,FEP,Thickness: 0.1mm,Thickness: 0.1mm,CLEARBULK-02,1,pc,not specified; assumed 1 pc,179.99,179.99,,,,,No competitor data found,179.99,179.99,"The Oil Slick® Clear Roll BULK FEP is a lab-grade fluoropolymer film roll built for extractors, processors, and rosin heads who care about purity and yield.…",Missing,Keep
Oil Slick® Paper for ROSIN and Storage,oil-slickr-paper-for-rosin-and-storage,nonstick papers,"Size: 8.5""x14""","Quantity: Single Oil Slick® Paper (250 Sheets); Size: 8.5""x14""",PAPER-01,250,sheets,Single Oil Slick® Paper (250 Sheets),29.99,0.11996,The Press Club,0.2995,74.875,https://shop.app/products/7844132356328/8-x-16-parchment,8x16 parchment (100 sheets),0.1,25.00,The Oil Slick® Paper for ROSIN and Storage is a lab-grade nonstick sheet for extractors and rosin heads who actually care what their paper is doing to their yield.…,Direct / tiered,Lower
Oil Slick® Paper for ROSIN and Storage,oil-slickr-paper-for-rosin-and-storage,nonstick papers,"Size: 8.5""x14""","Quantity: 2 Pack Oil Slick Paper (500 Sheets); Size: 8.5""x14""",PAPER-02pc,500,sheets,2 Pack Oil Slick Paper (500 Sheets),5.49,0.01098,The Press Club,0.2995,149.75,https://shop.app/products/7844132356328/8-x-16-parchment,8x16 parchment (100 sheets),0.284525,142.99,The Oil Slick® Paper for ROSIN and Storage is a lab-grade nonstick sheet for extractors and rosin heads who actually care what their paper is doing to their yield.…,Direct / tiered,Raise
Oil Slick® Paper for ROSIN and Storage,oil-slickr-paper-for-rosin-and-storage,nonstick papers,"Size: 8.5""x14""","Quantity: Box of 18 Oil Slick® Paper (4500 Sheets); Size: 8.5""x14""",PAPER-02,4500,sheets,Box of 18 Oil Slick® Paper (4500 Sheets),99.99,0.02222,The Press Club,0.2995,1347.75,https://shop.app/products/7844132356328/8-x-16-parchment,8x16 parchment (100 sheets),0.284525,1280.99,The Oil Slick® Paper for ROSIN and Storage is a lab-grade nonstick sheet for extractors and rosin heads who actually care what their paper is doing to their yield.…,Direct / tiered,Raise
Oil Slick® Paper for ROSIN and Storage,oil-slickr-paper-for-rosin-and-storage,nonstick papers,"Size: 8.5""x14""","Quantity: Case of 36 Oil Slick® Paper (9000 Sheets); Size: 8.5""x14""",PAPER-03,9000,sheets,Case of 36 Oil Slick® Paper (9000 Sheets),74.99,0.008332222222222222,The Press Club,0.2995,2695.5,https://shop.app/products/7844132356328/8-x-16-parchment,8x16 parchment (100 sheets),0.284525,2560.99,The Oil Slick® Paper for ROSIN and Storage is a lab-grade nonstick sheet for extractors and rosin heads who actually care what their paper is doing to their yield.…,Direct / tiered,Raise
Oil Slick® Paper for ROSIN and Storage,oil-slickr-paper-for-rosin-and-storage,nonstick papers,"Size: 8.5""x14""","Quantity: Master Case of 144 Oil Slick® Paper (36,000 Sheets); Size: 8.5""x14""",PAPER-04,36000,sheets,"Master Case of 144 Oil Slick® Paper (36,000 Sheets)",499.99,0.013888611111111112,The Press Club,0.2995,10782.0,https://shop.app/products/7844132356328/8-x-16-parchment,8x16 parchment (100 sheets),0.284525,10242.99,The Oil Slick® Paper for ROSIN and Storage is a lab-grade nonstick sheet for extractors and rosin heads who actually care what their paper is doing to their yield.…,Direct / tiered,Raise
Oil Slick® Wrap Foil Backed Parchment,oil-slickr-wrap-foil-backed-parchment-with-waterproof-membrane,nonstick papers,Variant: Single Oil Slick® Wrap,Make a choice: Single Oil Slick® Wrap,WRAP-01,1,pcs,Single Oil Slick® Wrap,9.99,9.99,The Press Club,29.95,29.95,https://thepressclub.co/products/rosin-parchment-paper-roll,Parchment roll benchmark,29.0,29.00,The Oil Slick® Wrap Foil Backed Parchment is a lab-grade nonstick paper roll built for extractors and rosin heads who need clean handling and reliable storage for sticky concentrates.…,Direct / tiered,Raise
Oil Slick® Wrap Foil Backed Parchment,oil-slickr-wrap-foil-backed-parchment-with-waterproof-membrane,nonstick papers,Variant: 2 Pack,Make a choice: 2 Pack,WRAP-02pc,2,pcs,2 Pack,7.99,3.995,The Press Club,29.95,59.9,https://thepressclub.co/products/rosin-parchment-paper-roll,Parchment roll benchmark,28.452499999999997,56.99,The Oil Slick® Wrap Foil Backed Parchment is a lab-grade nonstick paper roll built for extractors and rosin heads who need clean handling and reliable storage for sticky concentrates.…,Direct / tiered,Raise
Oil Slick® Wrap Foil Backed Parchment,oil-slickr-wrap-foil-backed-parchment-with-waterproof-membrane,nonstick papers,Variant: Box of 12 Oil Slick® Wrap,Make a choice: Box of 12 Oil Slick® Wrap,WRAP-02,12,pcs,Box of 12 Oil Slick® Wrap,129.99,10.832500000000001,The Press Club,29.95,359.4,https://thepressclub.co/products/rosin-parchment-paper-roll,Parchment roll benchmark,28.452499999999997,341.99,The Oil Slick® Wrap Foil Backed Parchment is a lab-grade nonstick paper roll built for extractors and rosin heads who need clean handling and reliable storage for sticky concentrates.…,Direct / tiered,Raise
Oil Slick® Wrap Foil Backed Parchment,oil-slickr-wrap-foil-backed-parchment-with-waterproof-membrane,nonstick papers,Variant: Case of 48 Oil Slick® Wrap,Make a choice: Case of 48 Oil Slick® Wrap,WRAP-03,48,pcs,Case of 48 Oil Slick® Wrap,99.99,2.083125,The Press Club,29.95,1437.6,https://thepressclub.co/products/rosin-parchment-paper-roll,Parchment roll benchmark,28.452499999999997,1365.99,The Oil Slick® Wrap Foil Backed Parchment is a lab-grade nonstick paper roll built for extractors and rosin heads who need clean handling and reliable storage for sticky concentrates.…,Direct / tiered,Raise
Oil Slick® Wrap Foil Backed Parchment,oil-slickr-wrap-foil-backed-parchment-with-waterproof-membrane,nonstick papers,Variant: Master Case of 144 Oil Slick® Wrap,Make a choice: Master Case of 144 Oil Slick® Wrap,WRAP-04,144,pcs,Master Case of 144 Oil Slick® Wrap,299.99,2.083263888888889,The Press Club,29.95,4312.8,https://thepressclub.co/products/rosin-parchment-paper-roll,Parchment roll benchmark,28.452499999999997,4097.99,The Oil Slick® Wrap Foil Backed Parchment is a lab-grade nonstick paper roll built for extractors and rosin heads who need clean handling and reliable storage for sticky concentrates.…,Direct / tiered,Raise
Slick® Duo,slick-duo,Nonstick Silicone Pads and Mood Mats,Variant: Slick® Duo Pack,Make a choice: Slick® Duo Pack,DUO-01,1,pc,Slick® Duo Pack,21.99,21.99,,,,,No competitor data found,8.0,8.00,"The Slick® Duo is a compact pair of nonstick silicone pads built for dabbers and extractors who want a clean, organized station without sacrificing space.…",Missing,Lower
Slick® Duo,slick-duo,Nonstick Silicone Pads and Mood Mats,Variant: 2 Pack (of 2 duos in each pack),Make a choice: 2 Pack (of 2 duos in each pack),DUO-02pc,2,pcs,2 Pack (of 2 duos in each pack),19.99,9.995,,,,,No competitor data found,9.995,19.99,"The Slick® Duo is a compact pair of nonstick silicone pads built for dabbers and extractors who want a clean, organized station without sacrificing space.…",Missing,Keep
Slick® Duo,slick-duo,Nonstick Silicone Pads and Mood Mats,Variant: Box of 12 Slick® Duo Packs,Make a choice: Box of 12 Slick® Duo Packs,DUO-02,12,pcs,Box of 12 Slick® Duo Packs,22.99,1.9158333333333333,,,,,No competitor data found,1.9158333333333333,22.99,"The Slick® Duo is a compact pair of nonstick silicone pads built for dabbers and extractors who want a clean, organized station without sacrificing space.…",Missing,Keep
Slick® Duo,slick-duo,Nonstick Silicone Pads and Mood Mats,Variant: Case of 48 Slick® Duo Packs,Make a choice: Case of 48 Slick® Duo Packs,DUO-03,48,pcs,Case of 48 Slick® Duo Packs,24.99,0.520625,,,,,No competitor data found,0.520625,24.99,"The Slick® Duo is a compact pair of nonstick silicone pads built for dabbers and extractors who want a clean, organized station without sacrificing space.…",Missing,Keep
Slick® Pad,slick-pad,Nonstick Silicone Pads and Mood Mats,Variant: Single Oil Slick® Pad,Make a choice: Single Oil Slick® Pad,PAD-01,1,pcs,Single Oil Slick® Pad,22.49,22.49,,,,,No competitor data found,9.99,9.99,"The Slick® Pad is Oil Slick’s original nonstick silicone work surface, built for extractors, dabbers, and anyone who’s constantly fighting sticky concentrates. It gives you a clean, defined zone for handling rosin, hash, reclaim, or tools without gluing everything to your table.…",Missing,Lower
Slick® Pad,slick-pad,Nonstick Silicone Pads and Mood Mats,Variant: 2 Pack,Make a choice: 2 Pack,PAD-02pc,2,pcs,2 Pack,16.99,8.495,,,,,No competitor data found,8.495,16.99,"The Slick® Pad is Oil Slick’s original nonstick silicone work surface, built for extractors, dabbers, and anyone who’s constantly fighting sticky concentrates. It gives you a clean, defined zone for handling rosin, hash, reclaim, or tools without gluing everything to your table.…",Missing,Keep
Slick® Pad,slick-pad,Nonstick Silicone Pads and Mood Mats,Variant: Box of 12 Slick® Pads,Make a choice: Box of 12 Slick® Pads,PAD-02,12,pcs,Box of 12 Slick® Pads,29.99,2.4991666666666665,,,,,No competitor data found,2.4991666666666665,29.99,"The Slick® Pad is Oil Slick’s original nonstick silicone work surface, built for extractors, dabbers, and anyone who’s constantly fighting sticky concentrates. It gives you a clean, defined zone for handling rosin, hash, reclaim, or tools without gluing everything to your table.…",Missing,Keep
Slick® Pad,slick-pad,Nonstick Silicone Pads and Mood Mats,Variant: Case of 48 Slick® Pads,Make a choice: Case of 48 Slick® Pads,PAD-03,48,pcs,Case of 48 Slick® Pads,29.99,0.6247916666666666,,,,,No competitor data found,0.6247916666666666,29.99,"The Slick® Pad is Oil Slick’s original nonstick silicone work surface, built for extractors, dabbers, and anyone who’s constantly fighting sticky concentrates. It gives you a clean, defined zone for handling rosin, hash, reclaim, or tools without gluing everything to your table.…",Missing,Keep
Slick® Slab,slick-slab,Nonstick Silicone Pads and Mood Mats,Variant: Single Slick® Slab,Make a choice: Single Slick® Slab,SLAB-01,1,pcs,Single Slick® Slab,24.99,24.99,,,,,No competitor data found,80.0,80.00,"The Slick® Slab is an extra-large nonstick silicone pad built for extractors, dab bars, and glass collectors who need a serious work surface.…",Missing,Raise
Slick® Slab,slick-slab,Nonstick Silicone Pads and Mood Mats,Variant: 2 Pack,Make a choice: 2 Pack,SLAB-02pc,2,pcs,2 Pack,59.99,29.995,,,,,No competitor data found,29.995,59.99,"The Slick® Slab is an extra-large nonstick silicone pad built for extractors, dab bars, and glass collectors who need a serious work surface.…",Missing,Keep
Slick® Slab,slick-slab,Nonstick Silicone Pads and Mood Mats,Variant: Box of 9 Slick® Slabs,Make a choice: Box of 9 Slick® Slabs,SLAB-02,9,pcs,Box of 9 Slick® Slabs,59.99,6.665555555555556,,,,,No competitor data found,6.665555555555556,59.99,"The Slick® Slab is an extra-large nonstick silicone pad built for extractors, dab bars, and glass collectors who need a serious work surface.…",Missing,Keep
Slick® Slab,slick-slab,Nonstick Silicone Pads and Mood Mats,Variant: Case of 18 Slick® Slabs,Make a choice: Case of 18 Slick® Slabs,SLAB-03,18,pcs,Case of 18 Slick® Slabs,249.99,13.888333333333334,,,,,No competitor data found,13.888333333333334,249.99,"The Slick® Slab is an extra-large nonstick silicone pad built for extractors, dab bars, and glass collectors who need a serious work surface.…",Missing,Keep
Custom stickers for lids,custom-printed-stickers-for-jars,custom branded,Size: 5ml,Size: 5ml; Quantity: 100,CUSTOMJARSTICKER 5ML 100,100,pcs,100,64.99,0.6498999999999999,,,,,No competitor data found,0.6498999999999999,64.99,"Oil Slick Custom Stickers for Lids are made for brands, extract makers, and dispensaries who want their jars looking dialed-in and professional from every angle.…",Missing,Keep
Custom stickers for lids,custom-printed-stickers-for-jars,custom branded,Size: 5ml,Size: 5ml; Quantity: 200,CUSTOMJARSTICKER 5ML 200,200,pcs,200,29.99,0.14995,,,,,No competitor data found,0.38995,77.99,"Oil Slick Custom Stickers for Lids are made for brands, extract makers, and dispensaries who want their jars looking dialed-in and professional from every angle.…",Missing,Raise
Custom stickers for lids,custom-printed-stickers-for-jars,custom branded,Size: 5ml,Size: 5ml; Quantity: 500,CUSTOMJARSTICKER 5ML 500,500,pcs,500,69.99,0.13998,,,,,No competitor data found,0.20398,101.99,"Oil Slick Custom Stickers for Lids are made for brands, extract makers, and dispensaries who want their jars looking dialed-in and professional from every angle.…",Missing,Raise
Custom stickers for lids,custom-printed-stickers-for-jars,custom branded,Size: 5ml,Size: 5ml; Quantity: 1000,CUSTOMJARSTICKER 5ML 1000,1000,pcs,1000,34.99,0.03499,,,,,No competitor data found,0.12299,122.99,"Oil Slick Custom Stickers for Lids are made for brands, extract makers, and dispensaries who want their jars looking dialed-in and professional from every angle.…",Missing,Raise
Custom stickers for lids,custom-printed-stickers-for-jars,custom branded,Size: 5ml,Size: 5ml; Quantity: 5000,CUSTOMJARSTICKER 5ML 5000,5000,pcs,5000,199.99,0.039998,,,,,No competitor data found,0.039998,199.99,"Oil Slick Custom Stickers for Lids are made for brands, extract makers, and dispensaries who want their jars looking dialed-in and professional from every angle.…",Missing,Keep
Custom stickers for lids,custom-printed-stickers-for-jars,custom branded,Size: 5ml,Size: 5ml; Quantity: 10000,CUSTOMJARSTICKER 5ML 10000,10000,pcs,10000,64.99,0.006499,,,,,No competitor data found,0.023999,239.99,"Oil Slick Custom Stickers for Lids are made for brands, extract makers, and dispensaries who want their jars looking dialed-in and professional from every angle.…",Missing,Raise
Custom stickers for lids,custom-printed-stickers-for-jars,custom branded,Size: 6ml,Size: 6ml; Quantity: 100,CUSTOMJARSTICKER 6ML 100,100,pcs,100,64.99,0.6498999999999999,,,,,No competitor data found,0.6498999999999999,64.99,"Oil Slick Custom Stickers for Lids are made for brands, extract makers, and dispensaries who want their jars looking dialed-in and professional from every angle.…",Missing,Keep
Custom stickers for lids,custom-printed-stickers-for-jars,custom branded,Size: 6ml,Size: 6ml; Quantity: 200,CUSTOMJARSTICKER 6ML 200,200,pcs,200,24.99,0.12494999999999999,,,,,No competitor data found,0.38995,77.99,"Oil Slick Custom Stickers for Lids are made for brands, extract makers, and dispensaries who want their jars looking dialed-in and professional from every angle.…",Missing,Raise
Custom stickers for lids,custom-printed-stickers-for-jars,custom branded,Size: 6ml,Size: 6ml; Quantity: 500,CUSTOMJARSTICKER 6ML 500,500,pcs,500,29.99,0.05998,,,,,No competitor data found,0.20398,101.99,"Oil Slick Custom Stickers for Lids are made for brands, extract makers, and dispensaries who want their jars looking dialed-in and professional from every angle.…",Missing,Raise
Custom stickers for lids,custom-printed-stickers-for-jars,custom branded,Size: 6ml,Size: 6ml; Quantity: 1000,CUSTOMJARSTICKER 6ML 1000,1000,pcs,1000,64.99,0.06498999999999999,,,,,No competitor data found,0.12299,122.99,"Oil Slick Custom Stickers for Lids are made for brands, extract makers, and dispensaries who want their jars looking dialed-in and professional from every angle.…",Missing,Raise
Custom stickers for lids,custom-printed-stickers-for-jars,custom branded,Size: 6ml,Size: 6ml; Quantity: 5000,CUSTOMJARSTICKER 6ML 5000,5000,pcs,5000,89.99,0.017998,,,,,No competitor data found,0.036998,184.99,"Oil Slick Custom Stickers for Lids are made for brands, extract makers, and dispensaries who want their jars looking dialed-in and professional from every angle.…",Missing,Raise
Custom stickers for lids,custom-printed-stickers-for-jars,custom branded,Size: 6ml,Size: 6ml; Quantity: 10000,CUSTOMJARSTICKER 6ML 10000,10000,pcs,10000,67.49,0.006749,,,,,No competitor data found,0.022199,221.99,"Oil Slick Custom Stickers for Lids are made for brands, extract makers, and dispensaries who want their jars looking dialed-in and professional from every angle.…",Missing,Raise
Custom stickers for lids,custom-printed-stickers-for-jars,custom branded,Size: 7ml,Size: 7ml; Quantity: 100,CUSTOMJARSTICKER 7ML 100,100,pcs,100,29.99,0.2999,,,,,No competitor data found,0.2999,29.99,"Oil Slick Custom Stickers for Lids are made for brands, extract makers, and dispensaries who want their jars looking dialed-in and professional from every angle.…",Missing,Keep
Custom stickers for lids,custom-printed-stickers-for-jars,custom branded,Size: 7ml,Size: 7ml; Quantity: 200,CUSTOMJARSTICKER 7ML 200,200,pcs,200,8.99,0.044950000000000004,,,,,No competitor data found,0.17995,35.99,"Oil Slick Custom Stickers for Lids are made for brands, extract makers, and dispensaries who want their jars looking dialed-in and professional from every angle.…",Missing,Raise
Custom stickers for lids,custom-printed-stickers-for-jars,custom branded,Size: 7ml,Size: 7ml; Quantity: 500,CUSTOMJARSTICKER 7ML 500,500,pcs,500,67.49,0.13498,,,,,No competitor data found,0.13498,67.99,"Oil Slick Custom Stickers for Lids are made for brands, extract makers, and dispensaries who want their jars looking dialed-in and professional from every angle.…",Missing,Raise
Custom stickers for lids,custom-printed-stickers-for-jars,custom branded,Size: 7ml,Size: 7ml; Quantity: 1000,CUSTOMJARSTICKER 7ML 1000,1000,pcs,1000,22.99,0.02299,,,,,No competitor data found,0.08199,81.99,"Oil Slick Custom Stickers for Lids are made for brands, extract makers, and dispensaries who want their jars looking dialed-in and professional from every angle.…",Missing,Raise
Custom stickers for lids,custom-printed-stickers-for-jars,custom branded,Size: 7ml,Size: 7ml; Quantity: 5000,CUSTOMJARSTICKER 7ML 5000,5000,pcs,5000,29.99,0.005998,,,,,No competitor data found,0.024598,122.99,"Oil Slick Custom Stickers for Lids are made for brands, extract makers, and dispensaries who want their jars looking dialed-in and professional from every angle.…",Missing,Raise
Custom stickers for lids,custom-printed-stickers-for-jars,custom branded,Size: 7ml,Size: 7ml; Quantity: 10000,CUSTOMJARSTICKER 7ML 10000,10000,pcs,10000,39.99,0.003999,,,,,No competitor data found,0.014799,147.99,"Oil Slick Custom Stickers for Lids are made for brands, extract makers, and dispensaries who want their jars looking dialed-in and professional from every angle.…",Missing,Raise
Custom stickers for lids,custom-printed-stickers-for-jars,custom branded,Size: 9ml,Size: 9ml; Quantity: 100,CUSTOMJARSTICKER 9ML 100,100,pcs,100,39.99,0.39990000000000003,,,,,No competitor data found,0.39990000000000003,39.99,"Oil Slick Custom Stickers for Lids are made for brands, extract makers, and dispensaries who want their jars looking dialed-in and professional from every angle.…",Missing,Keep
Custom stickers for lids,custom-printed-stickers-for-jars,custom branded,Size: 9ml,Size: 9ml; Quantity: 200,CUSTOMJARSTICKER 9ML 200,200,pcs,200,34.99,0.17495000000000002,,,,,No competitor data found,0.23995,47.99,"Oil Slick Custom Stickers for Lids are made for brands, extract makers, and dispensaries who want their jars looking dialed-in and professional from every angle.…",Missing,Raise
Custom stickers for lids,custom-printed-stickers-for-jars,custom branded,Size: 9ml,Size: 9ml; Quantity: 500,CUSTOMJARSTICKER 9ML 500,500,pcs,500,59.99,0.11998,,,,,No competitor data found,0.11998,59.99,"Oil Slick Custom Stickers for Lids are made for brands, extract makers, and dispensaries who want their jars looking dialed-in and professional from every angle.…",Missing,Keep
Custom stickers for lids,custom-printed-stickers-for-jars,custom branded,Size: 9ml,Size: 9ml; Quantity: 1000,CUSTOMJARSTICKER 9ML 1000,1000,pcs,1000,34.99,0.03499,,,,,No competitor data found,0.07199,71.99,"Oil Slick Custom Stickers for Lids are made for brands, extract makers, and dispensaries who want their jars looking dialed-in and professional from every angle.…",Missing,Raise
Custom stickers for lids,custom-printed-stickers-for-jars,custom branded,Size: 9ml,Size: 9ml; Quantity: 5000,CUSTOMJARSTICKER 9ML 5000,5000,pcs,5000,44.99,0.008998,,,,,No competitor data found,0.021598,107.99,"Oil Slick Custom Stickers for Lids are made for brands, extract makers, and dispensaries who want their jars looking dialed-in and professional from every angle.…",Missing,Raise
Custom stickers for lids,custom-printed-stickers-for-jars,custom branded,Size: 9ml,Size: 9ml; Quantity: 10000,CUSTOMJARSTICKER 9ML 10000,10000,pcs,10000,34.99,0.0034990000000000004,,,,,No competitor data found,0.012999,129.99,"Oil Slick Custom Stickers for Lids are made for brands, extract makers, and dispensaries who want their jars looking dialed-in and professional from every angle.…",Missing,Raise
Custom stickers for lids,custom-printed-stickers-for-jars,custom branded,Size: 3oz,Size: 3oz; Quantity: 100,CUSTOMJARSTICKER 3OZ 100,100,pcs,100,29.99,0.2999,,,,,No competitor data found,0.2999,29.99,"Oil Slick Custom Stickers for Lids are made for brands, extract makers, and dispensaries who want their jars looking dialed-in and professional from every angle.…",Missing,Keep
Custom stickers for lids,custom-printed-stickers-for-jars,custom branded,Size: 5oz,Size: 5oz; Quantity: 100,,100,pcs,100,49.99,0.4999,,,,,No competitor data found,0.4999,49.99,"Oil Slick Custom Stickers for Lids are made for brands, extract makers, and dispensaries who want their jars looking dialed-in and professional from every angle.…",Missing,Keep
Custom stickers for lids,custom-printed-stickers-for-jars,custom branded,Size: 3oz,Size: 3oz; Quantity: 200,CUSTOMJARSTICKER 3OZ 200,200,pcs,200,67.49,0.33744999999999997,,,,,No competitor data found,0.33744999999999997,67.99,"Oil Slick Custom Stickers for Lids are made for brands, extract makers, and dispensaries who want their jars looking dialed-in and professional from every angle.…",Missing,Raise
Custom stickers for lids,custom-printed-stickers-for-jars,custom branded,Size: 5oz,Size: 5oz; Quantity: 200,,200,pcs,200,49.99,0.24995,,,,,No competitor data found,0.29995,59.99,"Oil Slick Custom Stickers for Lids are made for brands, extract makers, and dispensaries who want their jars looking dialed-in and professional from every angle.…",Missing,Raise
Custom stickers for lids,custom-printed-stickers-for-jars,custom branded,Size: 3oz,Size: 3oz; Quantity: 500,CUSTOMJARSTICKER 3OZ 500,500,pcs,500,24.99,0.04998,,,,,No competitor data found,0.17798,88.99,"Oil Slick Custom Stickers for Lids are made for brands, extract makers, and dispensaries who want their jars looking dialed-in and professional from every angle.…",Missing,Raise
Custom stickers for lids,custom-printed-stickers-for-jars,custom branded,Size: 5oz,Size: 5oz; Quantity: 500,,500,pcs,500,39.99,0.07998000000000001,,,,,No competitor data found,0.15598,77.99,"Oil Slick Custom Stickers for Lids are made for brands, extract makers, and dispensaries who want their jars looking dialed-in and professional from every angle.…",Missing,Raise
Custom stickers for lids,custom-printed-stickers-for-jars,custom branded,Size: 3oz,Size: 3oz; Quantity: 1000,CUSTOMJARSTICKER 3OZ 1000,1000,pcs,1000,39.99,0.039990000000000005,,,,,No competitor data found,0.10699,106.99,"Oil Slick Custom Stickers for Lids are made for brands, extract makers, and dispensaries who want their jars looking dialed-in and professional from every angle.…",Missing,Raise
Custom stickers for lids,custom-printed-stickers-for-jars,custom branded,Size: 5oz,Size: 5oz; Quantity: 1000,,1000,pcs,1000,69.99,0.06999,,,,,No competitor data found,0.09399,93.99,"Oil Slick Custom Stickers for Lids are made for brands, extract makers, and dispensaries who want their jars looking dialed-in and professional from every angle.…",Missing,Raise
Custom stickers for lids,custom-printed-stickers-for-jars,custom branded,Size: 3oz,Size: 3oz; Quantity: 5000,CUSTOMJARSTICKER 3OZ 5000,5000,pcs,5000,79.99,0.015998,,,,,No competitor data found,0.032198,160.99,"Oil Slick Custom Stickers for Lids are made for brands, extract makers, and dispensaries who want their jars looking dialed-in and professional from every angle.…",Missing,Raise
Custom stickers for lids,custom-printed-stickers-for-jars,custom branded,Size: 5oz,Size: 5oz; Quantity: 5000,,5000,pcs,5000,65.0,0.013,,,,,No competitor data found,0.028198,140.99,"Oil Slick Custom Stickers for Lids are made for brands, extract makers, and dispensaries who want their jars looking dialed-in and professional from every angle.…",Missing,Raise
Custom stickers for lids,custom-printed-stickers-for-jars,custom branded,Size: 3oz,Size: 3oz; Quantity: 10000,CUSTOMJARSTICKER 3OZ 10000,10000,pcs,10000,67.49,0.006749,,,,,No competitor data found,0.019399,193.99,"Oil Slick Custom Stickers for Lids are made for brands, extract makers, and dispensaries who want their jars looking dialed-in and professional from every angle.…",Missing,Raise
Custom stickers for lids,custom-printed-stickers-for-jars,custom branded,Size: 5oz,Size: 5oz; Quantity: 10000,,10000,pcs,10000,29.99,0.002999,,,,,No competitor data found,0.016999,169.99,"Oil Slick Custom Stickers for Lids are made for brands, extract makers, and dispensaries who want their jars looking dialed-in and professional from every angle.…",Missing,Raise
9ml Child Resistant Glass Jar with Lids,9ml-child-resistant-jar-with-black-lids,glass jar,Color: Black,Quantity: 64; Color: Black,9MLB-64,64,pcs,64,39.99,0.62484375,Green Rush Packaging,0.61875,39.6,https://greenrushpackaging.com/shop/9ml-round-child-resistant-grip-n-turn-glass-concentrate-container-matte-black/,Extrapolated from 200+ tier for qty 64. case 200,0.606375,38.99,"The Oil Slick 9ml Child Resistant Glass Jar is a compact glass container designed for extractors, processors, and cannabis brands packaging single grams, samples, or small concentrate portions.…",Estimated (small-pack adj.),Lower
9ml Child Resistant Glass Jar with Lids,9ml-child-resistant-jar-with-black-lids,glass jar,Color: Black,Quantity: 128; Color: Black,9MLB-128,128,pcs,128,29.99,0.234296875,Green Rush Packaging,0.61875,79.2,https://greenrushpackaging.com/shop/9ml-round-child-resistant-grip-n-turn-glass-concentrate-container-matte-black/,Extrapolated from 200+ tier for qty 128. case 200,0.773438,99.00,"The Oil Slick 9ml Child Resistant Glass Jar is a compact glass container designed for extractors, processors, and cannabis brands packaging single grams, samples, or small concentrate portions.…",Estimated (small-pack adj.),Raise
9ml Child Resistant Glass Jar with Lids,9ml-child-resistant-jar-with-black-lids,glass jar,Color: Black,Quantity: 320; Color: Black,9MLB-320,320,pcs,320,27.99,0.08746875,Green Rush Packaging,0.495,158.4,https://greenrushpackaging.com/shop/9ml-round-child-resistant-grip-n-turn-glass-concentrate-container-matte-black/,case 200,3.125,1000.00,"The Oil Slick 9ml Child Resistant Glass Jar is a compact glass container designed for extractors, processors, and cannabis brands packaging single grams, samples, or small concentrate portions.…",Direct / tiered,Raise
5ml Glass Jar- Child Resistant with Black Lids,5ml-child-resistant-jar-with-black-lids,glass jar,,Quantity: 72,5MLCRJAR72,72,pcs,72,27.49,0.3818055555555555,Green Rush Packaging,0.4625,33.300000000000004,https://greenrushpackaging.com/shop/5-ml-square-child-resistant-grip-n-turn-glass-concentrate-container-clear-white/,Extrapolated from 200+ tier for qty 72. case 200,0.439375,31.99,"The 5ml Glass Jar – Child Resistant with Black Lids is a lab-ready glass concentrate jar built for extractors, processors, and brands who need compliant, small-format packaging that actually feels premium in hand.…",Estimated (small-pack adj.),Raise
5ml Glass Jar- Child Resistant with Black Lids,5ml-child-resistant-jar-with-black-lids,glass jar,,Quantity: 144,5MLCRJAR144,144,pcs,144,29.99,0.2082638888888889,Green Rush Packaging,0.4625,66.60000000000001,https://greenrushpackaging.com/shop/5-ml-square-child-resistant-grip-n-turn-glass-concentrate-container-clear-white/,Extrapolated from 200+ tier for qty 144. case 200,0.439375,63.99,"The 5ml Glass Jar – Child Resistant with Black Lids is a lab-ready glass concentrate jar built for extractors, processors, and brands who need compliant, small-format packaging that actually feels premium in hand.…",Estimated (small-pack adj.),Raise
5ml Glass Jar- Child Resistant with Black Lids,5ml-child-resistant-jar-with-black-lids,glass jar,,Quantity: 504,5MLCRJAR504,504,pcs,504,99.99,0.19839285714285712,Green Rush Packaging,0.37,186.48,https://greenrushpackaging.com/shop/5-ml-square-child-resistant-grip-n-turn-glass-concentrate-container-clear-white/,case 200,0.3515,177.99,"The 5ml Glass Jar – Child Resistant with Black Lids is a lab-ready glass concentrate jar built for extractors, processors, and brands who need compliant, small-format packaging that actually feels premium in hand.…",Direct / tiered,Raise
5ml Glass Jar- Child Resistant with Black Lids,5ml-child-resistant-jar-with-black-lids,glass jar,,"Quantity: 4,032",5MLCRJAR4032,4032,pcs,"4,032",19.99,0.004957837301587301,Green Rush Packaging,0.37,1491.84,https://greenrushpackaging.com/shop/5-ml-square-child-resistant-grip-n-turn-glass-concentrate-container-clear-white/,case 200,0.3515,1417.99,"The 5ml Glass Jar – Child Resistant with Black Lids is a lab-ready glass concentrate jar built for extractors, processors, and brands who need compliant, small-format packaging that actually feels premium in hand.…",Direct / tiered,Raise
5ml Glass Jar- Child Resistant with Black Lids,5ml-child-resistant-jar-with-black-lids,glass jar,,Quantity: 1 (SAMPLE),5MLCRJAR,1,pcs,1 (SAMPLE),29.99,29.99,Green Rush Packaging,0.4625,0.4625,https://greenrushpackaging.com/shop/5-ml-square-child-resistant-grip-n-turn-glass-concentrate-container-clear-white/,Extrapolated from 200+ tier for qty 1. case 200,0.45325,0.45,"The 5ml Glass Jar – Child Resistant with Black Lids is a lab-ready glass concentrate jar built for extractors, processors, and brands who need compliant, small-format packaging that actually feels premium in hand.…",Estimated (small-pack adj.),Lower
"Oil Slick Non-Stick PRECUT Paper 4.5""x 4.5""",oil-slick-non-stick-precut-paper-4-5x-5,nonstick papers,,"Quantity: 1,000 Sheets",PRECUTPAPER-00,1000,sheets,"1,000 Sheets",12.99,0.01299,eBay (LIFT OFF),0.055,55.0,https://www.ebay.com/itm/266322429470,1000 sheet benchmark (4x4),0.02,20.00,"The Oil Slick Non-Stick PRECUT Paper 4.5"" x 4.5"" is a lab-grade nonstick sheet made for processors, hashmakers, and home pressers who are over ripping off crooked chunks of parchment.…",Direct / tiered,Raise
"Oil Slick Non-Stick PRECUT Paper 4.5""x 4.5""",oil-slick-non-stick-precut-paper-4-5x-5,nonstick papers,,"Quantity: 5,000 Sheets",PRECUTPAPER-01,5000,sheets,"5,000 Sheets",24.99,0.004998,eBay (LIFT OFF),0.055,275.0,https://www.ebay.com/itm/266322429470,1000 sheet benchmark (4x4),0.05225,261.99,"The Oil Slick Non-Stick PRECUT Paper 4.5"" x 4.5"" is a lab-grade nonstick sheet made for processors, hashmakers, and home pressers who are over ripping off crooked chunks of parchment.…",Direct / tiered,Raise
"Oil Slick Non-Stick PRECUT Paper 4.5""x 4.5""",oil-slick-non-stick-precut-paper-4-5x-5,nonstick papers,,"Quantity: 10,000 Sheets",PRECUTPAPER-02,10000,sheets,"10,000 Sheets",39.99,0.003999,eBay (LIFT OFF),0.055,550.0,https://www.ebay.com/itm/266322429470,1000 sheet benchmark (4x4),0.05225,522.99,"The Oil Slick Non-Stick PRECUT Paper 4.5"" x 4.5"" is a lab-grade nonstick sheet made for processors, hashmakers, and home pressers who are over ripping off crooked chunks of parchment.…",Direct / tiered,Raise
"Oil Slick Non-Stick PRECUT Paper 4.5""x 4.5""",oil-slick-non-stick-precut-paper-4-5x-5,nonstick papers,,"Quantity: 20,000 Sheet",PRECUTPAPER-03,20000,sheets,"20,000 Sheet",24.99,0.0012495,eBay (LIFT OFF),0.055,1100.0,https://www.ebay.com/itm/266322429470,1000 sheet benchmark (4x4),0.05225,1045.99,"The Oil Slick Non-Stick PRECUT Paper 4.5"" x 4.5"" is a lab-grade nonstick sheet made for processors, hashmakers, and home pressers who are over ripping off crooked chunks of parchment.…",Direct / tiered,Raise
Deep Dish 5ml Child Resistant Jar with Black Lids,deep-dish-5ml-child-resistant-jar-with-black-lids,glass jar,,Quantity: 1 (SAMPLE),,1,pcs,1 (SAMPLE),24.99,24.99,Cannaline,0.9875,0.9875,https://cannaline.com/product/5ml-solid-black-round-bottom-glass-jars/,Extrapolated from 400+ tier for qty 1. lid + jar combo (400),0.96775,0.97,"The Deep Dish 5ml Child Resistant Jar with Black Lids is a heavy-bottom glass concentrate jar built for licensed processors, extract brands, and dispensaries that need certified compliance without sacrificing shelf appeal.…",Estimated (small-pack adj.),Lower
Deep Dish 5ml Child Resistant Jar with Black Lids,deep-dish-5ml-child-resistant-jar-with-black-lids,glass jar,,Quantity: 70,,70,pcs,70,29.99,0.4284285714285714,Cannaline,0.9875,69.125,https://cannaline.com/product/5ml-solid-black-round-bottom-glass-jars/,Extrapolated from 400+ tier for qty 70. lid + jar combo (400),0.938125,65.99,"The Deep Dish 5ml Child Resistant Jar with Black Lids is a heavy-bottom glass concentrate jar built for licensed processors, extract brands, and dispensaries that need certified compliance without sacrificing shelf appeal.…",Estimated (small-pack adj.),Raise
Deep Dish 5ml Child Resistant Jar with Black Lids,deep-dish-5ml-child-resistant-jar-with-black-lids,glass jar,,Quantity: 140,,140,pcs,140,34.99,0.24992857142857144,Cannaline,0.9875,138.25,https://cannaline.com/product/5ml-solid-black-round-bottom-glass-jars/,Extrapolated from 400+ tier for qty 140. lid + jar combo (400),0.938125,131.99,"The Deep Dish 5ml Child Resistant Jar with Black Lids is a heavy-bottom glass concentrate jar built for licensed processors, extract brands, and dispensaries that need certified compliance without sacrificing shelf appeal.…",Estimated (small-pack adj.),Raise
Deep Dish 5ml Child Resistant Jar with Black Lids,deep-dish-5ml-child-resistant-jar-with-black-lids,glass jar,,Quantity: 560,,560,pcs,560,29.99,0.05355357142857142,Cannaline,0.79,442.40000000000003,https://cannaline.com/product/5ml-solid-black-round-bottom-glass-jars/,lid + jar combo (400),0.7505,420.99,"The Deep Dish 5ml Child Resistant Jar with Black Lids is a heavy-bottom glass concentrate jar built for licensed processors, extract brands, and dispensaries that need certified compliance without sacrificing shelf appeal.…",Direct / tiered,Raise
Deep Dish 5ml Child Resistant Jar with Black Lids,deep-dish-5ml-child-resistant-jar-with-black-lids,glass jar,,Quantity: 1120,,1120,pcs,1120,24.99,0.0223125,Cannaline,0.79,884.8000000000001,https://cannaline.com/product/5ml-solid-black-round-bottom-glass-jars/,lid + jar combo (400),0.7505,840.99,"The Deep Dish 5ml Child Resistant Jar with Black Lids is a heavy-bottom glass concentrate jar built for licensed processors, extract brands, and dispensaries that need certified compliance without sacrificing shelf appeal.…",Direct / tiered,Raise
Deep Dish 5ml Child Resistant Jar with Black Lids,deep-dish-5ml-child-resistant-jar-with-black-lids,glass jar,,Quantity: 2240,,2240,pcs,2240,29.99,0.013388392857142856,Cannaline,0.79,1769.6000000000001,https://cannaline.com/product/5ml-solid-black-round-bottom-glass-jars/,lid + jar combo (400),0.7505,1681.99,"The Deep Dish 5ml Child Resistant Jar with Black Lids is a heavy-bottom glass concentrate jar built for licensed processors, extract brands, and dispensaries that need certified compliance without sacrificing shelf appeal.…",Direct / tiered,Raise
Deep Dish 5ml Child Resistant Jar with Black Lids,deep-dish-5ml-child-resistant-jar-with-black-lids,glass jar,,Quantity: 5600,,5600,pcs,5600,34.99,0.006248214285714286,Cannaline,0.79,4424.0,https://cannaline.com/product/5ml-solid-black-round-bottom-glass-jars/,lid + jar combo (400),0.7505,4202.99,"The Deep Dish 5ml Child Resistant Jar with Black Lids is a heavy-bottom glass concentrate jar built for licensed processors, extract brands, and dispensaries that need certified compliance without sacrificing shelf appeal.…",Direct / tiered,Raise
5ml Screw Top Jar with Black Lids,5ml-screw-top-jar-with-black-lids,glass jar,,Quantity: 100,5MLST-100,100,pcs,100,19.99,0.1999,Greentech Packaging,0.325,32.5,https://greentechpackaging.com/products/5ml-screw-top-concentrate-containers-black-cap,Extrapolated from 250+ tier for qty 100. 250 count case,0.33,33.00,"The 5ml Screw Top Jar with Black Lids is a compact glass concentrate jar built for extractors, brand owners, and serious dabbers who need clean, consistent storage for small runs and retail-ready grams.…",Estimated (small-pack adj.),Raise
5ml Screw Top Jar with Black Lids,5ml-screw-top-jar-with-black-lids,glass jar,,Quantity: 200,5MLST-250,200,pcs,200,19.99,0.09995,Greentech Packaging,0.325,65.0,https://greentechpackaging.com/products/5ml-screw-top-concentrate-containers-black-cap,Extrapolated from 250+ tier for qty 200. 250 count case,0.30874999999999997,61.99,"The 5ml Screw Top Jar with Black Lids is a compact glass concentrate jar built for extractors, brand owners, and serious dabbers who need clean, consistent storage for small runs and retail-ready grams.…",Estimated (small-pack adj.),Raise
5ml Screw Top Jar with Black Lids,5ml-screw-top-jar-with-black-lids,glass jar,,Quantity: 500,5MLST-500,500,pcs,500,24.99,0.04998,Greentech Packaging,0.26,130.0,https://greentechpackaging.com/products/5ml-screw-top-concentrate-containers-black-cap,250 count case,0.247,123.99,"The 5ml Screw Top Jar with Black Lids is a compact glass concentrate jar built for extractors, brand owners, and serious dabbers who need clean, consistent storage for small runs and retail-ready grams.…",Direct / tiered,Raise
3oz Glass Jar with Black Child-Resistant Lid,3oz-glass-jar-with-black-cr-lid,glass jar,,Quantity: 50,3OZCR-50,50,pcs,50,29.99,0.5998,Innovative Sourcing,0.5125,25.624999999999996,https://innovativesourcing.com/3oz-glass-jar-black-cr-lid-150-count/,Extrapolated from 150+ tier for qty 50. 150 units,1.3,65.00,"The 3oz Glass Jar with Black Child-Resistant Lid is a clear glass flower jar built for cannabis brands, dispensaries, and processors who need packaging that actually looks good on the shelf and passes compliance checks.…",Estimated (small-pack adj.),Raise
3oz Glass Jar with Black Child-Resistant Lid,3oz-glass-jar-with-black-cr-lid,glass jar,,Quantity: 150,3OZCR-150,150,pcs,150,29.99,0.19993333333333332,Innovative Sourcing,0.41,61.49999999999999,https://innovativesourcing.com/3oz-glass-jar-black-cr-lid-150-count/,150 units,0.613267,91.99,"The 3oz Glass Jar with Black Child-Resistant Lid is a clear glass flower jar built for cannabis brands, dispensaries, and processors who need packaging that actually looks good on the shelf and passes compliance checks.…",Direct / tiered,Raise
3oz Glass Jar with Black Child-Resistant Lid,3oz-glass-jar-with-black-cr-lid,glass jar,,Quantity: 600,3OZCR-600,600,pcs,600,34.99,0.05831666666666667,Innovative Sourcing,0.41,245.99999999999997,https://innovativesourcing.com/3oz-glass-jar-black-cr-lid-150-count/,150 units,0.38949999999999996,233.99,"The 3oz Glass Jar with Black Child-Resistant Lid is a clear glass flower jar built for cannabis brands, dispensaries, and processors who need packaging that actually looks good on the shelf and passes compliance checks.…",Direct / tiered,Raise
3oz Glass Jar with Black Child-Resistant Lid,3oz-glass-jar-with-black-cr-lid,glass jar,,Quantity: 1500,3OZCR-1500,1500,pcs,1500,399.99,0.26666,Innovative Sourcing,0.41,615.0,https://innovativesourcing.com/3oz-glass-jar-black-cr-lid-150-count/,150 units,0.38949999999999996,584.99,"The 3oz Glass Jar with Black Child-Resistant Lid is a clear glass flower jar built for cannabis brands, dispensaries, and processors who need packaging that actually looks good on the shelf and passes compliance checks.…",Direct / tiered,Raise
3oz Glass Jar with Black Child-Resistant Lid,3oz-glass-jar-with-black-cr-lid,glass jar,,Quantity: 4500,3OZCR-4500,4500,pcs,4500,19.99,0.0044422222222222215,Innovative Sourcing,0.41,1845.0,https://innovativesourcing.com/3oz-glass-jar-black-cr-lid-150-count/,150 units,0.38949999999999996,1752.99,"The 3oz Glass Jar with Black Child-Resistant Lid is a clear glass flower jar built for cannabis brands, dispensaries, and processors who need packaging that actually looks good on the shelf and passes compliance checks.…",Direct / tiered,Raise
1ml Glass Syringe,1ml-glass-syringe,syringe,,Quantity: 1 (SAMPLE),Syringe-1,1,pcs,1 (SAMPLE),21.99,21.99,Dragon Chewer,1.1243750000000001,1.1243750000000001,https://dragonchewer.com/products/1ml-glass-syringe-luer-lock-100-qty,Extrapolated from 100+ tier for qty 1. 100 qty,1.1018875000000001,1.1,"The Oil Slick 1ml Glass Syringe is a precision dosing syringe built for extractors, processors, and serious dabbers who need clean, controlled handling of concentrates.…",Estimated (small-pack adj.),Lower
1ml Glass Syringe,1ml-glass-syringe,syringe,,Quantity: 10,Syringe-10,10,pcs,10,41.99,4.199,Dragon Chewer,1.1243750000000001,11.243750000000002,https://dragonchewer.com/products/1ml-glass-syringe-luer-lock-100-qty,Extrapolated from 100+ tier for qty 10. 100 qty,1.1018875000000001,11.99,"The Oil Slick 1ml Glass Syringe is a precision dosing syringe built for extractors, processors, and serious dabbers who need clean, controlled handling of concentrates.…",Estimated (small-pack adj.),Lower
1ml Glass Syringe,1ml-glass-syringe,syringe,,Quantity: 100,Syringe-100,100,pcs,100,21.99,0.21989999999999998,Dragon Chewer,0.8995000000000001,89.95,https://dragonchewer.com/products/1ml-glass-syringe-luer-lock-100-qty,100 qty,0.99,99.00,"The Oil Slick 1ml Glass Syringe is a precision dosing syringe built for extractors, processors, and serious dabbers who need clean, controlled handling of concentrates.…",Direct / tiered,Raise
1ml Glass Syringe,1ml-glass-syringe,syringe,,Quantity: 1000,Syringe-1000,1000,pcs,1000,36.99,0.03699,Dragon Chewer,0.8995000000000001,899.5000000000001,https://dragonchewer.com/products/1ml-glass-syringe-luer-lock-100-qty,100 qty,0.854525,854.99,"The Oil Slick 1ml Glass Syringe is a precision dosing syringe built for extractors, processors, and serious dabbers who need clean, controlled handling of concentrates.…",Direct / tiered,Raise
1ml Glass Syringe,1ml-glass-syringe,syringe,,Quantity: 5000,Syringe-5000,5000,pcs,5000,99.99,0.019998,Dragon Chewer,0.8995000000000001,4497.5,https://dragonchewer.com/products/1ml-glass-syringe-luer-lock-100-qty,100 qty,0.854525,4272.99,"The Oil Slick 1ml Glass Syringe is a precision dosing syringe built for extractors, processors, and serious dabbers who need clean, controlled handling of concentrates.…",Direct / tiered,Raise
5ml UV Resistant Heavy Bottom Jar with Child Resistant Black Lids,copy-of-5ml-child-resistant-jar-with-black-lids,glass jar,,Quantity: 80,5MLUV-2,80,pcs,80,79.99,0.999875,Biohazard Inc,0.6875,55.0,https://biohazardinc.com/products/5ml-uv-black-thick-glass-concentrate-jars-300-count,Extrapolated from 300+ tier for qty 80. 300 count,0.8125,65.00,"The 5ml UV Resistant Heavy Bottom Jar with Child Resistant Black Lid is a professional-grade glass concentrate container designed for extractors, processors, and cannabis brands packaging premium products.…",Estimated (small-pack adj.),Lower
5ml UV Resistant Heavy Bottom Jar with Child Resistant Black Lids,copy-of-5ml-child-resistant-jar-with-black-lids,glass jar,,Quantity: 160,5MLUV-3,160,pcs,160,89.99,0.5624374999999999,Biohazard Inc,0.6875,110.0,https://biohazardinc.com/products/5ml-uv-black-thick-glass-concentrate-jars-300-count,Extrapolated from 300+ tier for qty 160. 300 count,0.653125,104.99,"The 5ml UV Resistant Heavy Bottom Jar with Child Resistant Black Lid is a professional-grade glass concentrate container designed for extractors, processors, and cannabis brands packaging premium products.…",Estimated (small-pack adj.),Raise
5ml UV Resistant Heavy Bottom Jar with Child Resistant Black Lids,copy-of-5ml-child-resistant-jar-with-black-lids,glass jar,,Quantity: 320,5MLUV-4,320,pcs,320,129.99,0.40621875,Biohazard Inc,0.55,176.0,https://biohazardinc.com/products/5ml-uv-black-thick-glass-concentrate-jars-300-count,300 count,0.5225,167.99,"The 5ml UV Resistant Heavy Bottom Jar with Child Resistant Black Lid is a professional-grade glass concentrate container designed for extractors, processors, and cannabis brands packaging premium products.…",Direct / tiered,Raise
5ml Heavy Bottom Child Resistant Jar with Black Lids,5ml-round-bottom-child-resistant-jar-with-black-lids,glass jar,,Quantity: 80,5mlr - 80,80,pcs,80,89.99,1.1248749999999998,420 Stock,0.75,60.0,https://420stock.com/products/5ml-glass-container-w-cr-black-lid,Extrapolated from 400+ tier for qty 80. 1-9 cases (400/case),0.8125,65.00,"The 5ml Heavy Bottom Child Resistant Jar with Black Lids is a compact glass container designed for extractors, processors, and cannabis brands packaging single grams or small concentrate samples.…",Estimated (small-pack adj.),Lower
5ml Heavy Bottom Child Resistant Jar with Black Lids,5ml-round-bottom-child-resistant-jar-with-black-lids,glass jar,,Quantity: 160,5mlr - 160,160,pcs,160,89.99,0.5624374999999999,420 Stock,0.75,120.0,https://420stock.com/products/5ml-glass-container-w-cr-black-lid,Extrapolated from 400+ tier for qty 160. 1-9 cases (400/case),0.7124999999999999,113.99,"The 5ml Heavy Bottom Child Resistant Jar with Black Lids is a compact glass container designed for extractors, processors, and cannabis brands packaging single grams or small concentrate samples.…",Estimated (small-pack adj.),Raise
5ml Heavy Bottom Child Resistant Jar with Black Lids,5ml-round-bottom-child-resistant-jar-with-black-lids,glass jar,,Quantity: 320,5mlr - 320,320,pcs,320,129.99,0.40621875,420 Stock,0.75,240.0,https://420stock.com/products/5ml-glass-container-w-cr-black-lid,Extrapolated from 400+ tier for qty 320. 1-9 cases (400/case),0.7124999999999999,227.99,"The 5ml Heavy Bottom Child Resistant Jar with Black Lids is a compact glass container designed for extractors, processors, and cannabis brands packaging single grams or small concentrate samples.…",Estimated (small-pack adj.),Raise
5ml Heavy Bottom Child Resistant Jar with Black Lids,5ml-round-bottom-child-resistant-jar-with-black-lids,glass jar,,Quantity: 400,5mlr - 400,400,pcs,400,119.99,0.299975,420 Stock,0.6,240.0,https://420stock.com/products/5ml-glass-container-w-cr-black-lid,1-9 cases (400/case),0.599975,239.99,"The 5ml Heavy Bottom Child Resistant Jar with Black Lids is a compact glass container designed for extractors, processors, and cannabis brands packaging single grams or small concentrate samples.…",Direct / tiered,Raise
5 oz Glass Jar with Black CR Lid,5oz-glass-jar-with-black-cr-lid,glass jar,,Quantity: 50,5OZ - 50,50,pcs,50,32.99,0.6598,Cannaline,1.0,50.0,https://cannaline.com/product-category/child-resistant-packaging/child-resistant-jars/,Extrapolated from 100+ tier for qty 50. case qty 100,0.95,47.99,"The 5 oz Glass Jar with Black CR Lid is a heavy-duty glass container built for extractors, labs, and brands who need child-resistant storage that still looks clean on the shelf.…",Estimated (small-pack adj.),Raise
5 oz Glass Jar with Black CR Lid,5oz-glass-jar-with-black-cr-lid,glass jar,,Quantity: 100,5OZ - 100,100,pcs,100,34.99,0.34990000000000004,Cannaline,0.8,80.0,https://cannaline.com/product-category/child-resistant-packaging/child-resistant-jars/,case qty 100,0.76,76.99,"The 5 oz Glass Jar with Black CR Lid is a heavy-duty glass container built for extractors, labs, and brands who need child-resistant storage that still looks clean on the shelf.…",Direct / tiered,Raise
5 oz Glass Jar with Black CR Lid,5oz-glass-jar-with-black-cr-lid,glass jar,,Quantity: 500,5OZ - 500,500,pcs,500,29.99,0.05998,Cannaline,0.8,400.0,https://cannaline.com/product-category/child-resistant-packaging/child-resistant-jars/,case qty 100,0.76,380.99,"The 5 oz Glass Jar with Black CR Lid is a heavy-duty glass container built for extractors, labs, and brands who need child-resistant storage that still looks clean on the shelf.…",Direct / tiered,Raise
5 oz Glass Jar with Black CR Lid,5oz-glass-jar-with-black-cr-lid,glass jar,,Quantity: 1000,5OZ - 1000,1000,pcs,1000,31.99,0.03199,Cannaline,0.75,750.0,https://cannaline.com/product-category/child-resistant-packaging/child-resistant-jars/,600+,0.7124999999999999,712.99,"The 5 oz Glass Jar with Black CR Lid is a heavy-duty glass container built for extractors, labs, and brands who need child-resistant storage that still looks clean on the shelf.…",Direct / tiered,Raise
5 oz Glass Jar with Black CR Lid,5oz-glass-jar-with-black-cr-lid,glass jar,,Quantity: 1 (Sample),5OZ - SAMPLE,1,pcs,1 (Sample),36.99,36.99,Cannaline,1.0,1.0,https://cannaline.com/product-category/child-resistant-packaging/child-resistant-jars/,Extrapolated from 100+ tier for qty 1. case qty 100,0.98,0.98,"The 5 oz Glass Jar with Black CR Lid is a heavy-duty glass container built for extractors, labs, and brands who need child-resistant storage that still looks clean on the shelf.…",Estimated (small-pack adj.),Lower
9ml Heavy Bottom Child Resistant Glass Jar with Lids,9ml-round-bottom-child-resistant-glass-jar-with-lids,glass jar,Color: Black,Quantity: 64; Color: Black,9mlR - 64,64,pcs,64,39.99,0.62484375,420 Stock,0.7000000000000001,44.800000000000004,https://420stock.com/products/9ml-glass-container-w-cr-black-lid,Extrapolated from 320+ tier for qty 64. 320 count case,1.078125,69.00,"The 9ml Heavy Bottom Child Resistant Glass Jar with Lids is a pro-grade concentrate jar built for extractors, brands, and dispensaries that care about safety and shelf appeal.…",Estimated (small-pack adj.),Raise
9ml Heavy Bottom Child Resistant Glass Jar with Lids,9ml-round-bottom-child-resistant-glass-jar-with-lids,glass jar,Color: Black,Quantity: 128; Color: Black,9mlR - 128,128,pcs,128,34.99,0.273359375,420 Stock,0.7000000000000001,89.60000000000001,https://420stock.com/products/9ml-glass-container-w-cr-black-lid,Extrapolated from 320+ tier for qty 128. 320 count case,0.665,85.99,"The 9ml Heavy Bottom Child Resistant Glass Jar with Lids is a pro-grade concentrate jar built for extractors, brands, and dispensaries that care about safety and shelf appeal.…",Estimated (small-pack adj.),Raise
9ml Heavy Bottom Child Resistant Glass Jar with Lids,9ml-round-bottom-child-resistant-glass-jar-with-lids,glass jar,Color: Black,Quantity: 320; Color: Black,9mlR - 320,320,pcs,320,79.99,0.24996875,420 Stock,0.56,179.20000000000002,https://420stock.com/products/9ml-glass-container-w-cr-black-lid,320 count case,0.532,170.99,"The 9ml Heavy Bottom Child Resistant Glass Jar with Lids is a pro-grade concentrate jar built for extractors, brands, and dispensaries that care about safety and shelf appeal.…",Direct / tiered,Raise
7ml UV Resistant Heavy Bottom Jar with Child Resistant Black Lids,7ml-uv-resistant-jar-with-cr-black-lids,glass jar,,Quantity: 80,7mluv - 80,80,pcs,80,79.99,0.999875,Greentech Packaging,0.7000000000000001,56.00000000000001,https://greentechpackaging.com/products/7ml-child-resistant-thick-base-concentrate-containers-with-caps-black,Extrapolated from 240+ tier for qty 80. 240 count case,0.8,64.00,"The 7ml UV Resistant Heavy Bottom Jar with Child Resistant Black Lids is a lab-ready glass concentrate jar built for extractors, brands, and dispensaries who care about shelf appeal and compliance.…",Estimated (small-pack adj.),Lower
7ml UV Resistant Heavy Bottom Jar with Child Resistant Black Lids,7ml-uv-resistant-jar-with-cr-black-lids,glass jar,,Quantity: 160,7mluv - 160,160,pcs,160,24.99,0.15618749999999998,Greentech Packaging,0.7000000000000001,112.00000000000001,https://greentechpackaging.com/products/7ml-child-resistant-thick-base-concentrate-containers-with-caps-black,Extrapolated from 240+ tier for qty 160. 240 count case,0.665,106.99,"The 7ml UV Resistant Heavy Bottom Jar with Child Resistant Black Lids is a lab-ready glass concentrate jar built for extractors, brands, and dispensaries who care about shelf appeal and compliance.…",Estimated (small-pack adj.),Raise
7ml UV Resistant Heavy Bottom Jar with Child Resistant Black Lids,7ml-uv-resistant-jar-with-cr-black-lids,glass jar,,Quantity: 320,7mluv - 320,320,pcs,320,139.0,0.434375,Greentech Packaging,0.56,179.20000000000002,https://greentechpackaging.com/products/7ml-child-resistant-thick-base-concentrate-containers-with-caps-black,240 count case,0.532,170.99,"The 7ml UV Resistant Heavy Bottom Jar with Child Resistant Black Lids is a lab-ready glass concentrate jar built for extractors, brands, and dispensaries who care about shelf appeal and compliance.…",Direct / tiered,Raise
Custom Mylar Bag,custom-mylar-bag,custom branded,Size: 3.5 oz,Size: 3.5 oz; Quantity: 1000,,1000,pcs,1000,24.99,0.02499,Alibaba,0.04,40.0,https://m.alibaba.com/showroom/window-doypack-bag.html,custom printed ($0.01-$0.04),0.038,38.99,"The Custom Mylar Bag from Oil Slick is a fully branded, smell-resistant packaging solution designed for dispensaries, processors, and cannabis brands that want their eighths to look as good on the shelf as the flower inside.…",Direct / tiered,Raise
Custom Mylar Bag,custom-mylar-bag,custom branded,Size: 3.5 oz,Size: 3.5 oz; Quantity: 2500,,2500,pcs,2500,24.99,0.009996,Alibaba,0.03,75.0,https://m.alibaba.com/showroom/window-doypack-bag.html,custom printed ($0.01-$0.04),0.028499999999999998,71.99,"The Custom Mylar Bag from Oil Slick is a fully branded, smell-resistant packaging solution designed for dispensaries, processors, and cannabis brands that want their eighths to look as good on the shelf as the flower inside.…",Direct / tiered,Raise
Custom Mylar Bag,custom-mylar-bag,custom branded,Size: 3.5 oz,Size: 3.5 oz; Quantity: 5000,,5000,pcs,5000,24.99,0.004998,Alibaba,0.02,100.0,https://m.alibaba.com/showroom/window-doypack-bag.html,custom printed ($0.01-$0.04),0.019,95.99,"The Custom Mylar Bag from Oil Slick is a fully branded, smell-resistant packaging solution designed for dispensaries, processors, and cannabis brands that want their eighths to look as good on the shelf as the flower inside.…",Direct / tiered,Raise
Custom Mylar Bag,custom-mylar-bag,custom branded,Size: 3.5 oz,Size: 3.5 oz; Quantity: 10000,,10000,pcs,10000,24.99,0.002499,Alibaba,0.01,100.0,https://m.alibaba.com/showroom/window-doypack-bag.html,custom printed ($0.01-$0.04),0.011599,115.99,"The Custom Mylar Bag from Oil Slick is a fully branded, smell-resistant packaging solution designed for dispensaries, processors, and cannabis brands that want their eighths to look as good on the shelf as the flower inside.…",Direct / tiered,Raise
"18oz Child-Resistant Glass Jars with Black Caps – 28 Grams (1 Ounce) Capacity, Airtight and Durable, 24-Pack – The Ultimate Storage Solution for Cannabis Flower, Food, and Crafts",18oz-child-resistant-glass-jars-with-black-caps-28-grams-1-ounce-capacity-airtight-and-durable-24-pack-the-ultimate-storage-solution-for-cannabis-flower-food-and-crafts,glass jar,Title: Default Title,Title: Default Title,,24,pcs,24 pack (from product title),49.99,2.0829166666666667,MJWholesale,1.9995833333333335,47.99,https://mjwholesale.com/products/glass-jar-with-white-lid-18oz-24-count,24 count,1.9595916666666668,47.99,The Oil Slick 18oz Child-Resistant Glass Jars with Black Caps are heavy-duty storage jars built for people who actually move weight — up to 28 grams (1 ounce) of cannabis flower per jar.…,Direct / tiered,Lower
"10oz Child-Resistant Glass Jars with Black Caps – 14 Grams (1/2 Ounce) Capacity, Airtight and Durable, 36-Pack – Ideal for Cannabis, Food, Display, and Craft Storage",10oz-child-resistant-glass-jars-with-black-caps-28-grams-1-ounce-capacity-airtight-and-durable-24-pack-the-ultimate-storage-solution-for-cannabis-flower-food-and-crafts-copy,glass jar,Title: Default Title,Title: Default Title,,36,pcs,36 pack (from product title),22.99,0.638611111111111,HiStandards,1.52,54.72,https://histandards.com/products/10oz-child-resistant-glass-jar-black-clear,Case of 36+,1.444,51.99,"The Oil Slick 10oz Child-Resistant Glass Jars are half-ounce capacity storage containers built for dispensaries, cannabis brands, and home organizers who need compliant packaging that actually looks good on a shelf.…",Direct / tiered,Raise
"Child-Resistant Opaque Tubes with Hinged Lid – 116mm Capacity, Fits 109mm Cones, 1.3g Size – Airtight & Discreet Storage – 100 Pack",child-resistant-opaque-tubes-with-hinged-lid-116mm-capacity-fits-109mm-cones-1-3g-size-airtight-discreet-storage-100-pack,Rolling Paper,,Quantity: 100 pack,,100,pcs,100 pack,29.99,0.2999,Biohazard Inc,0.08625000000000001,8.625,https://biohazardinc.com/products/child-resistant-pop-top-pre-roll-plastic-tubes-116mm-opaque-black-1000-count,Extrapolated from 1000+ tier for qty 100. 1000+,0.084525,8.99,"The Child-Resistant Opaque Tubes are pre-roll joint tubes built for dispensaries, brands, co-packers, and home rollers who care about compliance, freshness, and discretion.…",Estimated (small-pack adj.),Lower
"Child-Resistant Opaque Tubes with Hinged Lid – 116mm Capacity, Fits 109mm Cones, 1.3g Size – Airtight & Discreet Storage – 100 Pack",child-resistant-opaque-tubes-with-hinged-lid-116mm-capacity-fits-109mm-cones-1-3g-size-airtight-discreet-storage-100-pack,Rolling Paper,,Quantity: 1200 pack,,1200,pcs,1200 pack,59.99,0.04999166666666667,Biohazard Inc,0.069,82.80000000000001,https://biohazardinc.com/products/child-resistant-pop-top-pre-roll-plastic-tubes-116mm-opaque-black-1000-count,1000+,0.06555,78.99,"The Child-Resistant Opaque Tubes are pre-roll joint tubes built for dispensaries, brands, co-packers, and home rollers who care about compliance, freshness, and discretion.…",Direct / tiered,Raise
Nonstick PTFE Rolls,kraft-kitchen-sheet-ptfe-rolls,PTFE,"Variant: Single Nonstick PTFE Roll 16""x48""","Make a choice: Single Nonstick PTFE Roll 16""x48""",SHEET-01,1,sheet,"1 sheet 16""x48""",9.99,9.99,,,,,No competitor data found,27.0,27.00,"Oil Slick Nonstick PTFE Rolls are lab-grade fluoropolymer film for extractors, rosin heads, and makers who are tired of losing product to sticky paper.…",Missing,Raise
Nonstick PTFE Rolls,kraft-kitchen-sheet-ptfe-rolls,PTFE,Variant: BULK.07mm 50 foot roll,Make a choice: BULK.07mm 50 foot roll,BULKSHEET-01,1,roll,BULK.07mm 50 foot roll,79.99,79.99,,,,,No competitor data found,155.0,155.00,"Oil Slick Nonstick PTFE Rolls are lab-grade fluoropolymer film for extractors, rosin heads, and makers who are tired of losing product to sticky paper.…",Missing,Raise
Nonstick PTFE Rolls,kraft-kitchen-sheet-ptfe-rolls,PTFE,Variant: BULK .07mm 300 foot roll,Make a choice: BULK .07mm 300 foot roll,BULKSHEET-02,1,roll,BULK .07mm 300 foot roll,199.99,199.99,,,,,No competitor data found,650.0,650.00,"Oil Slick Nonstick PTFE Rolls are lab-grade fluoropolymer film for extractors, rosin heads, and makers who are tired of losing product to sticky paper.…",Missing,Raise
Nonstick PTFE Rolls,kraft-kitchen-sheet-ptfe-rolls,PTFE,Variant: Bulk 0.1mm 50ft roll,Make a choice: Bulk 0.1mm 50ft roll,BULKSHEET-03,1,roll,Bulk 0.1mm 50ft roll,79.99,79.99,,,,,No competitor data found,185.0,185.00,"Oil Slick Nonstick PTFE Rolls are lab-grade fluoropolymer film for extractors, rosin heads, and makers who are tired of losing product to sticky paper.…",Missing,Raise
Nonstick PTFE Rolls,kraft-kitchen-sheet-ptfe-rolls,PTFE,Variant: 24in Xtrawide Bulk 0.08mm 50ft roll,Make a choice: 24in Xtrawide Bulk 0.08mm 50ft roll,BULKSHEET-04,1,roll,24in Xtrawide Bulk 0.08mm 50ft roll,49.99,49.99,,,,,No competitor data found,200.0,200.00,"Oil Slick Nonstick PTFE Rolls are lab-grade fluoropolymer film for extractors, rosin heads, and makers who are tired of losing product to sticky paper.…",Missing,Raise
Oil Slick 1000 PCS Mylar Bags – Reusable Zipper Mylar Bags,oil-slick-1000pcs-mylar-bags,Mylar Bags,Size: 3.6x5; Finish: Black,Size: 3.6x5; Finish: Black,m_black_3.6,1000,pcs,inferred from product title/handle ('1000 pcs'),52.49,0.05249,MarijuanaPackaging,0.13,130.0,https://marijuanapackaging.com/collections/flower-packaging/products/matte-black-3-6-x-5-vista-mylar-tamper-evident-pcr-bags-3-5-grams-1000-box,3.62x5 1000 box,0.065,65.00,"The Oil Slick 1000 PCS Mylar Bags are professional-grade resealable storage bags built for businesses, retailers, and anyone who needs reliable bulk packaging without the markup.…",Direct / tiered,Raise
Oil Slick 1000 PCS Mylar Bags – Reusable Zipper Mylar Bags,oil-slick-1000pcs-mylar-bags,Mylar Bags,Size: 3.6x5; Finish: Black w/ Clear Window,Size: 3.6x5; Finish: Black w/ Clear Window,m_black/w_3.6,1000,pcs,inferred from product title/handle ('1000 pcs'),15.99,0.01599,MarijuanaPackaging,0.13,130.0,https://marijuanapackaging.com/collections/flower-packaging/products/matte-black-3-6-x-5-vista-mylar-tamper-evident-pcr-bags-3-5-grams-1000-box,3.62x5 1000 box,0.075,75.00,"The Oil Slick 1000 PCS Mylar Bags are professional-grade resealable storage bags built for businesses, retailers, and anyone who needs reliable bulk packaging without the markup.…",Direct / tiered,Raise
Oil Slick 1000 PCS Mylar Bags – Reusable Zipper Mylar Bags,oil-slick-1000pcs-mylar-bags,Mylar Bags,Size: 3x4.5; Finish: Black w/ Clear Window,Size: 3x4.5; Finish: Black w/ Clear Window,m_black/w_3,1000,pcs,inferred from product title/handle ('1000 pcs'),24.99,0.02499,Dragon Chewer,0.06995,69.95,https://dragonchewer.com/products/1-gram-matte-black-barrier-bags-1000,1g 3x4.5 1000 qty,0.075,75.00,"The Oil Slick 1000 PCS Mylar Bags are professional-grade resealable storage bags built for businesses, retailers, and anyone who needs reliable bulk packaging without the markup.…",Direct / tiered,Raise
Oil Slick 1000 PCS Mylar Bags – Reusable Zipper Mylar Bags,oil-slick-1000pcs-mylar-bags,Mylar Bags,Size: 4x6.5; Finish: Black,Size: 4x6.5; Finish: Black,m_black_4_6.5,1000,pcs,inferred from product title/handle ('1000 pcs'),19.99,0.019989999999999997,Green Earth Packaging,0.159,159.0,https://greenearthpackaging.com/collections/reusable-packaging,4x6.5 1000 count example,0.081,81.00,"The Oil Slick 1000 PCS Mylar Bags are professional-grade resealable storage bags built for businesses, retailers, and anyone who needs reliable bulk packaging without the markup.…",Direct / tiered,Raise
Oil Slick 1000 PCS Mylar Bags – Reusable Zipper Mylar Bags,oil-slick-1000pcs-mylar-bags,Mylar Bags,Size: 4x6.5; Finish: Black w/ Clear Window,Size: 4x6.5; Finish: Black w/ Clear Window,m_black/w_4,1000,pcs,inferred from product title/handle ('1000 pcs'),24.99,0.02499,Green Earth Packaging,0.159,159.0,https://greenearthpackaging.com/collections/reusable-packaging,4x6.5 1000 count example,0.084,84.00,"The Oil Slick 1000 PCS Mylar Bags are professional-grade resealable storage bags built for businesses, retailers, and anyone who needs reliable bulk packaging without the markup.…",Direct / tiered,Raise
Oil Slick 1000 PCS Mylar Bags – Reusable Zipper Mylar Bags,oil-slick-1000pcs-mylar-bags,Mylar Bags,Size: 5x8; Finish: Black w/ Clear Window,Size: 5x8; Finish: Black w/ Clear Window,m_black/w_5,1000,pcs,inferred from product title/handle ('1000 pcs'),15.99,0.01599,MarijuanaPackaging,0.1625,162.5,https://marijuanapackaging.com/collections/exotic-weed-packs-bags-packaging,5x8.1 1000 box example,0.12,120.00,"The Oil Slick 1000 PCS Mylar Bags are professional-grade resealable storage bags built for businesses, retailers, and anyone who needs reliable bulk packaging without the markup.…",Direct / tiered,Raise
Oil Slick 1000 PCS Mylar Bags – Reusable Zipper Mylar Bags,oil-slick-1000pcs-mylar-bags,Mylar Bags,Size: 6x9; Finish: Black,Size: 6x9; Finish: Black,m_black_6_9,1000,pcs,inferred from product title/handle ('1000 pcs'),19.99,0.019989999999999997,Green Earth Packaging,0.195,195.0,https://greenearthpackaging.com/collections/reusable-packaging,6x9.3 1000 count example,0.099,99.00,"The Oil Slick 1000 PCS Mylar Bags are professional-grade resealable storage bags built for businesses, retailers, and anyone who needs reliable bulk packaging without the markup.…",Direct / tiered,Raise
Oil Slick 1000 PCS Mylar Bags – Reusable Zipper Mylar Bags,oil-slick-1000pcs-mylar-bags,Mylar Bags,Size: 6x9; Finish: Black w/ Clear Window,Size: 6x9; Finish: Black w/ Clear Window,m_black/w_6_9,1000,pcs,inferred from product title/handle ('1000 pcs'),22.49,0.02249,Green Earth Packaging,0.195,195.0,https://greenearthpackaging.com/collections/reusable-packaging,6x9.3 1000 count example,0.15,150.00,"The Oil Slick 1000 PCS Mylar Bags are professional-grade resealable storage bags built for businesses, retailers, and anyone who needs reliable bulk packaging without the markup.…",Direct / tiered,Raise
Oil Slick 1000 PCS Mylar Bags – Reusable Zipper Mylar Bags,oil-slick-1000pcs-mylar-bags,Mylar Bags,Size: 9x2.5 (Preroll); Finish: Black,Size: 9x2.5 (Preroll); Finish: Black,m_black_2.5_9,1000,pcs,inferred from product title/handle ('1000 pcs'),74.99,0.07499,MarijuanaPackaging,0.048979999999999996,48.98,https://marijuanapackaging.com/products/7-x-2-7-1g-preroll-syringe-mylar-bags-tear-notch-1000-box,preroll bag 1000 box (7x2.7),0.05995,59.95,"The Oil Slick 1000 PCS Mylar Bags are professional-grade resealable storage bags built for businesses, retailers, and anyone who needs reliable bulk packaging without the markup.…",Direct / tiered,Lower
Oil Slick 1000 PCS Mylar Bags – Reusable Zipper Mylar Bags,oil-slick-1000pcs-mylar-bags,Mylar Bags,Size: 9x2.5 (Preroll); Finish: Black w/ Clear Window,Size: 9x2.5 (Preroll); Finish: Black w/ Clear Window,m_black/w_2.5_9,1000,pcs,inferred from product title/handle ('1000 pcs'),24.99,0.02499,MarijuanaPackaging,0.048979999999999996,48.98,https://marijuanapackaging.com/products/7-x-2-7-1g-preroll-syringe-mylar-bags-tear-notch-1000-box,preroll bag 1000 box (7x2.7),0.055,55.00,"The Oil Slick 1000 PCS Mylar Bags are professional-grade resealable storage bags built for businesses, retailers, and anyone who needs reliable bulk packaging without the markup.…",Direct / tiered,Raise
